index,car_name,registration_year,insurance_validity,fuel_type,seats,kms_driven,ownership,transmission,manufacturing_year,mileage(kmpl),max_power(bhp),torque(Nm),price(in lakhs)
0, Mercedes-Benz S-Class S,2017-01-01,Comprehensive,Petrol,5,56000,First Owner,Automatic,2017-01-01,7.895000000000001,2996.0,333.0,30.5625
1, Nissan Magnite Turbo CVT XV Premium Opt BSVI,2021-01-01,Comprehensive,Petrol,5,30615,First Owner,Automatic,2020-01-01,17.4,999.0,9863.0,8.99
2, BMW X sDrive d xLine,2018-01-01,Comprehensive,Diesel,5,24000,First Owner,Automatic,2018-01-01,20.68,1995.0,188.0,23.75
3, Kia Seltos GTX Plus,2019-01-01,Comprehensive,Petrol,5,18378,First Owner,Manual,2019-01-01,16.5,1353.0,13808.0,13.56
4, Skoda Superb LK . TSI AT,2019-01-01,Comprehensive,Petrol,5,44900,First Owner,Automatic,2019-01-01,14.67,1798.0,17746.0,24.0
5, Honda Jazz . S i VTEC,2017-01-01,Third Party insurance,Petrol,5,42000,First Owner,Manual,2017-01-01,18.7,1199.0,887.0,5.45
6, Hyundai Grand i . Kappa Sportz BSIV,2019-01-01,Comprehensive,Petrol,5,36739,First Owner,Manual,2018-01-01,18.9,1197.0,8186.0,5.12
7, Hyundai Creta . SX,2018-01-01,Comprehensive,Petrol,5,76000,First Owner,Manual,2018-01-01,15.8,1591.0,1213.0,9.3
8, Mercedes-Benz S-Class S  CDI,2015-01-01,Comprehensive,Diesel,5,68000,Second Owner,Automatic,2015-01-01,13.5,2987.0,21476.25,30.5625
9, Tata Nexon . Revotron XZ Plus,2019-01-01,Comprehensive,Petrol,5,28783,First Owner,Manual,2019-01-01,17.0,1198.0,1085.0,8.02
10, Honda City VX CVT,2020-01-01,Comprehensive,Petrol,5,40000,First Owner,Automatic,2020-01-01,17.4,1497.0,1176.0,10.95
11, Renault Duster RXS,2022-01-01,Comprehensive,Petrol,5,17382,First Owner,Manual,2021-01-01,16.42,1498.0,10455.0,8.99
12, BMW  Series d Prestige,2014-01-01,Third Party insurance,Diesel,5,120000,First Owner,Automatic,2014-01-01,18.88,1995.0,184.0,7.45
13, Hyundai Venue SX Plus Turbo DCT,2022-01-01,Comprehensive,Petrol,5,17000,First Owner,Automatic,2021-01-01,18.15,998.0,11835.0,10.95
14, Hyundai Grand i . Kappa Sportz BSIV,2019-01-01,Comprehensive,Petrol,5,26867,First Owner,Manual,2019-01-01,18.9,1197.0,8186.0,5.78
15, Hyundai i Asta Opt,2022-01-01,Third Party insurance,Petrol,5,30000,First Owner,Manual,2022-01-01,21.0,1197.0,8180.0,8.95
16, BMW  Series d Luxury Line,2014-01-01,Third Party insurance,Diesel,5,130000,First Owner,Automatic,2014-01-01,18.88,1995.0,184.0,8.5
17, BMW  Series d Luxury Line,2018-01-01,Comprehensive,Diesel,5,53000,First Owner,Automatic,2018-01-01,22.69,1995.0,190.0,23.5
18, Ford Ecosport . Petrol Titanium Plus BSIV,2019-01-01,Comprehensive,Petrol,5,40000,First Owner,Manual,2019-01-01,17.0,1497.0,12136.0,7.95
19, Jeep Compass . Limited Plus,2020-01-01,Comprehensive,Petrol,5,48000,First Owner,Automatic,2020-01-01,14.1,1368.0,16077.0,18.95
20, MG Gloster Savvy -Str,2021-01-01,Comprehensive,Diesel,6,35000,First Owner,Automatic,2021-01-01,12.4,1996.0,21476.25,30.5625
21, Maruti Swift . VXi BSII,2010-01-01,Comprehensive,Petrol,5,100525,First Owner,Manual,2010-01-01,16.1,1197.0,85.0,2.09
22, Honda City i VTEC CVT VX,2015-01-01,Third Party insurance,Petrol,5,83000,Second Owner,Automatic,2015-01-01,18.0,1497.0,1173.0,6.25
23, Maruti Wagon R LXI BSIII,2011-01-01,Comprehensive,Petrol,5,40191,Second Owner,Manual,2011-01-01,30.975,671.0,90.0,2.12
24, Audi A  TDI,2015-01-01,Comprehensive,Diesel,5,62152,First Owner,Automatic,2015-01-01,18.53,1968.0,18774.0,20.0
25, Hyundai Creta . VTVT S,2017-01-01,Third Party insurance,Petrol,5,49000,First Owner,Manual,2017-01-01,15.29,1591.0,1213.0,8.35
26, Maruti Baleno . Delta,2017-01-01,Comprehensive,Petrol,5,56215,First Owner,Manual,2017-01-01,21.4,1197.0,831.0,5.03
27, Toyota Yaris J,2018-01-01,Comprehensive,Petrol,5,53000,First Owner,Manual,2018-01-01,17.1,1496.0,10594.0,6.95
28, Toyota Fortuner x AT,2015-01-01,Comprehensive,Diesel,7,100000,First Owner,Automatic,2015-01-01,12.55,2982.0,1685.0,16.0
29, Hyundai Creta SX Turbo BSVI,2020-01-01,Comprehensive,Petrol,5,36346,First Owner,Automatic,2020-01-01,16.8,1353.0,13808.0,15.22
30, Jaguar XE .L Diesel Portfolio,2018-01-01,Comprehensive,Diesel,5,48000,First Owner,Automatic,2018-01-01,13.5,1999.0,177.0,26.95
31, Hyundai i Sportz Plus BSIV,2019-01-01,Comprehensive,Petrol,5,42098,First Owner,Manual,2019-01-01,18.6,1197.0,8186.0,6.7
32, Jeep Compass . Longitude Option BSIV,2018-01-01,Third Party insurance,Diesel,5,40000,First Owner,Manual,2018-01-01,17.1,1956.0,170.0,10.75
33, BMW X sDrive d xLine,2019-01-01,Comprehensive,Diesel,5,64000,First Owner,Automatic,2019-01-01,20.68,1995.0,188.0,25.5
34, Maruti Swift ZXI Plus DT AMT BSVI,2022-01-01,Comprehensive,Petrol,5,13158,First Owner,Automatic,2022-01-01,22.56,1197.0,8850.0,8.38
35, Hyundai Creta . SX Automatic Diesel,2018-01-01,Third Party insurance,Diesel,5,65400,First Owner,Automatic,2018-01-01,17.6,1582.0,1262.0,10.9
36, Honda Amaze S i-VTEC,2017-01-01,Third Party insurance,Petrol,5,100000,First Owner,Manual,2017-01-01,17.8,1198.0,867.0,3.95
37, Tata Tiago XZ Plus CNG BSVI,2022-01-01,Comprehensive,CNG,5,30000,First Owner,Manual,2022-01-01,26.49,1199.0,72.0,7.25
38, Honda Jazz . E i DTEC,2017-01-01,Comprehensive,Diesel,5,62000,First Owner,Manual,2017-01-01,30.975,986.0,200.0,4.75
39, Volkswagen Beetle .,2010-01-01,Comprehensive,Petrol,4,40000,First Owner,Automatic,2010-01-01,10.98,1984.0,1144.0,11.95
60, Honda City ZX CVT,2023-01-01,Comprehensive,Petrol,5,10280,First Owner,Automatic,2023-01-01,18.4,1498.0,11935.0,16.0
61, Maruti Baleno . Alpha,2015-01-01,Comprehensive,Petrol,5,17282,First Owner,Manual,2015-01-01,21.4,1197.0,831.0,5.45
62, Honda CR-V . CVT,2019-01-01,Third Party insurance,Petrol,5,30500,First Owner,Automatic,2019-01-01,14.4,1997.0,15189.0,22.95
63, Kia Seltos HTX Plus Diesel,2020-01-01,Comprehensive,Diesel,5,60755,First Owner,Manual,2020-01-01,20.8,1493.0,11343.0,13.51
64, Mercedes-Benz C-Class Progressive C ,2021-01-01,Comprehensive,Petrol,5,25000,Second Owner,Automatic,2021-01-01,11.9,1950.0,20115.0,30.5625
65, Mahindra Scorpio S,2018-01-01,Comprehensive,Diesel,7,47000,First Owner,Manual,2018-01-01,15.4,2179.0,13678.0,14.5
66, Kia Seltos GTX DCT,2020-01-01,Comprehensive,Petrol,5,59316,First Owner,Automatic,2020-01-01,16.2,1353.0,138.0,13.99
67, Toyota Yaris J BSIV,2021-01-01,Comprehensive,Petrol,5,48000,Third Owner,Manual,2021-01-01,17.1,1496.0,1055.0,6.95
68, BMW  Series i M Sport BSVI,2023-01-01,Zero Dep,Petrol,5,20000,First Owner,Automatic,2023-01-01,14.82,1998.0,21476.25,30.5625
69, Renault KWID Climber . AMT Opt,2020-01-01,Third Party insurance,Petrol,5,12503,First Owner,Automatic,2020-01-01,22.0,999.0,67.0,5.15
70, Jeep Compass . Sport BSVI,2021-01-01,Comprehensive,Petrol,5,10000,First Owner,Manual,2021-01-01,14.3,1368.0,16077.0,15.95
71, Maruti Swift . VXi BSII,2011-01-01,Comprehensive,Petrol,5,73717,Second Owner,Manual,2011-01-01,16.1,1197.0,85.0,2.41
72, Mercedes-Benz GL-Class  CDI Blue Efficiency,2016-01-01,Third Party insurance,Diesel,7,90000,Second Owner,Automatic,2016-01-01,11.3,2987.0,2548.0,30.5625
73, Honda Jazz V CVT,2017-01-01,Comprehensive,Petrol,5,17000,First Owner,Automatic,2017-01-01,17.1,1199.0,8850.0,5.95
74, Hyundai Grand i AT Asta,2014-01-01,Comprehensive,Petrol,5,36047,First Owner,Automatic,2014-01-01,18.9,1197.0,82.0,4.32
75, Maruti Wagon R CNG LXI,2018-01-01,Comprehensive,CNG,5,45000,First Owner,Manual,2018-01-01,30.975,3182.0,78.0,4.45
76, Maruti Swift Dzire VDi,2009-01-01,Third Party insurance,Diesel,5,100000,First Owner,Manual,2009-01-01,19.3,1248.0,739.0,2.0
77, Hyundai i Sportz,2016-01-01,Comprehensive,Petrol,5,50000,Second Owner,Manual,2016-01-01,20.36,1197.0,789.0,3.45
78, Maruti Swift VXI,2018-01-01,Comprehensive,Petrol,5,51000,First Owner,Manual,2018-01-01,22.0,1197.0,8180.0,5.5
79, Mahindra XUV W,2018-01-01,Third Party insurance,Diesel,7,62000,Second Owner,Manual,2018-01-01,30.975,3182.0,360.0,8.5
100, Toyota Camry . Hybrid,2017-01-01,Third Party insurance,Petrol,5,45000,First Owner,Automatic,2017-01-01,19.16,2494.0,1577.0,22.5
101, Hyundai i Asta Opt Turbo DCT BSVI,2021-01-01,Comprehensive,Petrol,5,17041,First Owner,Automatic,2021-01-01,20.28,998.0,11841.0,10.49
102, Mahindra XUV W . mHawk,2018-01-01,Comprehensive,Diesel,7,49000,First Owner,Manual,2018-01-01,16.0,1997.0,140.0,9.25
103, Hyundai Venue SX Turbo,2020-01-01,Comprehensive,Petrol,5,23588,First Owner,Manual,2020-01-01,18.27,998.0,11835.0,9.2
104, Mercedes-Benz CLA Urban Sport d,2018-01-01,Comprehensive,Diesel,5,50000,Second Owner,Automatic,2018-01-01,17.9,2143.0,1341.0,22.0
105, Toyota Innova Crysta . GX AT BSIV,2017-01-01,Third Party insurance,Diesel,7,76000,First Owner,Automatic,2017-01-01,11.36,2755.0,1715.0,14.75
106, Maruti Baleno Delta,2019-01-01,Comprehensive,Petrol,5,49341,First Owner,Manual,2019-01-01,21.01,1197.0,8180.0,5.76
107, Honda Amaze VX i-Vtech,2013-01-01,Comprehensive,Petrol,5,56000,First Owner,Manual,2013-01-01,18.0,1198.0,867.0,3.25
108, MG Hector Plus . Turbo Sharp Pro CVT BSVI,2023-01-01,Comprehensive,Petrol,6,12000,First Owner,Automatic,2023-01-01,12.34,1451.0,141.0,21.0
109, Honda City i VTEC V,2014-01-01,Comprehensive,Petrol,5,51734,First Owner,Manual,2014-01-01,17.8,1497.0,1173.0,5.72
110, Maruti Swift VXI,2018-01-01,Third Party insurance,Petrol,5,22000,First Owner,Manual,2018-01-01,22.0,1197.0,8180.0,5.75
111, Hyundai Creta . SX Diesel,2018-01-01,Comprehensive,Diesel,5,45084,First Owner,Manual,2018-01-01,20.5,1582.0,1262.0,9.22
112, Mahindra Scorpio S AT WD,2015-01-01,Third Party insurance,Diesel,7,20000,First Owner,Automatic,2015-01-01,15.4,2179.0,120.0,11.0
113, Honda Amaze S i-VTEC,2016-01-01,Comprehensive,Petrol,5,29000,First Owner,Manual,2016-01-01,17.8,1198.0,867.0,4.8
114, Hyundai Venue SX Turbo,2022-01-01,Comprehensive,Petrol,5,16763,First Owner,Manual,2021-01-01,18.27,998.0,11835.0,9.69
115, Tata Altroz XM plus BSVI,2022-01-01,Third Party insurance,Petrol,5,6000,First Owner,Manual,2022-01-01,19.33,1199.0,8683.0,6.95
116, BMW  Series Ld M Sport,2017-01-01,Third Party insurance,Diesel,5,60000,First Owner,Power Steering,2017-01-01,30.975,3182.0,620.0,30.5625
117, Mahindra XUV W,2015-01-01,Comprehensive,Diesel,7,86000,First Owner,Manual,2015-01-01,15.1,2179.0,140.0,5.45
118, Honda Jazz VX CVT,2018-01-01,Comprehensive,Petrol,5,24000,First Owner,Automatic,2018-01-01,17.1,1199.0,8850.0,6.55
119, Hyundai Venue S,2021-01-01,Comprehensive,Petrol,5,9000,First Owner,Manual,2021-01-01,20.36,1197.0,8180.0,7.75
140, Kia Carens Prestige Plus Turbo DCT -,2022-01-01,Comprehensive,Petrol,7,14900,First Owner,Automatic,2022-01-01,16.5,1353.0,13805.0,16.5
141, Hyundai i N-Line N DCT BSVI,2022-01-01,Comprehensive,Petrol,5,17172,Second Owner,Automatic,2022-01-01,20.25,998.0,11841.0,10.33
142, Mercedes-Benz GLE d BSVI,2020-01-01,Zero Dep,Diesel,5,33000,First Owner,Automatic,2020-01-01,30.975,3182.0,500.0,30.5625
143, Renault KWID RXT,2016-01-01,Third Party insurance,Petrol,5,38000,Second Owner,Manual,2016-01-01,25.17,799.0,533.0,1.85
144, Tata Altroz XZ Plus BSVI,2023-01-01,Comprehensive,Petrol,5,11501,First Owner,Manual,2022-01-01,19.33,1199.0,8683.0,8.24
145, Mercedes-Benz GLE d BSVI,2022-01-01,Zero Dep,Diesel,5,43703,First Owner,Automatic,2022-01-01,30.975,3182.0,500.0,30.5625
146, Toyota Fortuner Legender x AT,2021-01-01,Comprehensive,Diesel,7,29800,First Owner,Automatic,2021-01-01,30.975,3182.0,500.0,30.5625
147, Maruti Baleno Zeta,2020-01-01,Comprehensive,Petrol,5,22051,First Owner,Manual,2020-01-01,21.01,1197.0,8180.0,6.98
148, Maruti Baleno Sigma,2021-01-01,Comprehensive,Petrol,5,32965,First Owner,Manual,2021-01-01,30.975,3182.0,113.0,5.75
149, Hyundai i Magna .L,2014-01-01,Comprehensive,Petrol,5,96593,First Owner,Manual,2014-01-01,30.975,3182.0,9904.0,2.73
150, Hyundai Verna . VTVT SX Option,2017-01-01,Third Party insurance,Petrol,5,50000,First Owner,Manual,2017-01-01,17.01,1591.0,1213.0,6.75
151, BMW  Series i M Sport Pro BSVI,2022-01-01,Comprehensive,Petrol,5,15000,First Owner,Automatic,2022-01-01,14.82,1998.0,18908.0,30.5625
152, Tata Tiago XZ Plus Dual Tone Roof BSVI,2020-01-01,Comprehensive,Petrol,5,27138,First Owner,Manual,2020-01-01,19.01,1199.0,8482.0,5.92
153, Maruti Baleno . Delta,2022-01-01,Comprehensive,Petrol,5,15000,First Owner,Manual,2022-01-01,21.4,1197.0,831.0,7.25
154, Mercedes-Benz CLS-Class  CDI,2018-01-01,Third Party insurance,Diesel,4,10000,First Owner,Automatic,2018-01-01,19.4,2143.0,204.0,30.5625
155, Mahindra Scorpio N ZL AT BSVI,2023-01-01,Comprehensive,Petrol,7,9000,First Owner,Automatic,2023-01-01,30.975,200.0,380.0,23.45
156, Kia Sonet HTX Plus Turbo iMT BSVI,2021-01-01,Comprehensive,Petrol,5,10000,First Owner,Manual,2021-01-01,18.2,998.0,11836.0,10.2
157, Kia Seltos GTX Plus Diesel AT,2020-01-01,Comprehensive,Diesel,5,70000,First Owner,Automatic,2020-01-01,18.0,1493.0,11343.0,14.95
158, Mercedes-Benz C-Class Progressive C d,2020-01-01,Comprehensive,Diesel,5,30000,First Owner,Automatic,2020-01-01,12.6,1950.0,194.0,30.5625
159, Hyundai i N-Line N DCT BSVI,2022-01-01,Comprehensive,Petrol,5,16684,First Owner,Automatic,2021-01-01,20.25,998.0,11841.0,11.11
160, Mercedes-Benz AMG C MATIC Coupe,2019-01-01,Comprehensive,Petrol,5,30000,First Owner,Automatic,2019-01-01,30.975,3182.0,520.0,30.5625
161, Maruti Swift LXI BSIV,2012-01-01,Comprehensive,Petrol,5,92543,First Owner,Manual,2012-01-01,30.975,3182.0,113.0,2.74
162, Mahindra XUV AX AT Luxury Pack BSVI,2021-01-01,Comprehensive,Petrol,7,25000,First Owner,Automatic,2021-01-01,30.975,3182.0,380.0,24.75
163, Ford Ecosport . Diesel Titanium Plus,2016-01-01,Comprehensive,Diesel,5,59870,First Owner,Manual,2016-01-01,21.7,1498.0,9896.0,4.95
164, Hyundai i Sportz .,2016-01-01,Comprehensive,Petrol,5,62700,First Owner,Manual,2016-01-01,18.6,1197.0,8183.0,5.22
165, Kia Seltos HTX Plus AT D,2019-01-01,Third Party insurance,Diesel,5,42132,First Owner,Automatic,2019-01-01,17.8,1493.0,1134.0,14.75
166, Mercedes-Benz CLA  CGI Sport,2018-01-01,Third Party insurance,Petrol,5,32000,First Owner,Automatic,2018-01-01,15.04,1991.0,183.0,25.75
167, Maruti A-Star Zxi,2010-01-01,Comprehensive,Petrol,5,58873,First Owner,Manual,2010-01-01,19.0,998.0,661.0,1.82
168, Renault Duster Petrol RXS CVT,2018-01-01,Comprehensive,Petrol,5,10000,First Owner,Automatic,2018-01-01,14.99,1498.0,1045.0,7.95
169, Tata Altroz XZ Plus BSVI,2023-01-01,Comprehensive,Petrol,5,14069,First Owner,Manual,2022-01-01,19.33,1199.0,8683.0,8.24
170, Nissan Terrano XV  PS Limited Edition,2014-01-01,Third Party insurance,Diesel,5,100000,First Owner,Power Steering,2014-01-01,30.975,1085.0,248.0,6.0
171, Renault Duster RXL AWD,2014-01-01,Third Party insurance,Diesel,5,80000,First Owner,Manual,2014-01-01,19.01,1461.0,10845.0,2.85
172, Honda City i VTEC V,2016-01-01,Comprehensive,Petrol,5,57453,First Owner,Manual,2016-01-01,17.8,1497.0,1173.0,6.24
173, Ford Figo Petrol EXI,2011-01-01,Comprehensive,Petrol,5,66717,Second Owner,Manual,2011-01-01,30.975,70.0,102.0,30.5625
174, Mercedes-Benz GLS d MATIC,2016-01-01,Third Party insurance,Diesel,7,40000,Second Owner,Automatic,2016-01-01,11.0,2987.0,258.0,30.5625
175, Volvo XC T R-Design,2022-01-01,Zero Dep,Petrol,5,16433,First Owner,Automatic,2022-01-01,30.975,3182.0,300.0,30.5625
176, BMW X sDrivei xLine,2018-01-01,Third Party insurance,Petrol,5,17860,First Owner,Automatic,2018-01-01,15.71,1998.0,189.0,29.9
177, Toyota Innova Crysta . ZX AT BSIV,2020-01-01,Comprehensive,Diesel,7,52000,First Owner,Automatic,2020-01-01,11.36,2755.0,1715.0,22.5
198, Mercedes-Benz S-Class S  d,2020-01-01,Comprehensive,Diesel,5,27200,First Owner,Automatic,2019-01-01,13.5,2925.0,21476.25,30.5625
199, Hyundai Grand i Asta Option,2014-01-01,Comprehensive,Petrol,5,25260,First Owner,Manual,2014-01-01,18.9,1197.0,82.0,4.37
200, BMW  Series d Luxury Line,2020-01-01,Zero Dep,Diesel,5,21421,Second Owner,Automatic,2019-01-01,20.37,1995.0,18774.0,30.5625
201, Hyundai i Sportz,2015-01-01,Comprehensive,Petrol,5,70215,First Owner,Manual,2015-01-01,20.36,1197.0,789.0,3.08
202, Hyundai Alcazar Platinum (O) Diesel AT,2022-01-01,Comprehensive,Diesel,6,32900,First Owner,Automatic,2022-01-01,23.8,1493.0,11398.0,20.0
203, Mercedes-Benz C-Class Progressive C ,2021-01-01,Third Party insurance,Petrol,5,40045,First Owner,Automatic,2021-01-01,11.9,1950.0,20115.0,30.5625
204, Maruti A-Star Vxi,2011-01-01,Comprehensive,Petrol,5,75000,First Owner,Manual,2010-01-01,19.0,998.0,661.0,1.68
205, Mercedes-Benz C-Class Progressive C ,2021-01-01,Third Party insurance,Petrol,5,32325,First Owner,Automatic,2019-01-01,11.9,1950.0,20115.0,30.5625
206, MG Gloster Savvy -Str,2021-01-01,Third Party insurance,Diesel,6,68000,First Owner,Automatic,2021-01-01,12.4,1996.0,21476.25,30.5625
207, Hyundai Grand i Nios AMT Asta,2015-01-01,Comprehensive,Petrol,5,78501,First Owner,Automatic,2015-01-01,20.7,1197.0,8186.0,3.94
208, Land Rover Discovery Sport Petrol SE S,2019-01-01,Zero Dep,Petrol,7,46853,First Owner,Automatic,2018-01-01,12.83,1997.0,21476.25,30.5625
209, Maruti Baleno Zeta,2021-01-01,Comprehensive,Petrol,5,27114,First Owner,Manual,2021-01-01,21.01,1197.0,8180.0,7.18
210, Hyundai i N-Line N DCT BSVI,2023-01-01,Third Party insurance,Petrol,5,10000,First Owner,Power Steering,2023-01-01,30.975,3182.0,172.0,11.7
211, Hyundai Creta . VTVT AT SX Plus,2017-01-01,Third Party insurance,Petrol,5,88000,First Owner,Automatic,2017-01-01,13.0,1591.0,1213.0,8.65
212, Maruti Swift Dzire VXI,2013-01-01,Comprehensive,Petrol,5,58382,First Owner,Manual,2013-01-01,19.1,1197.0,858.0,3.54
213, BMW X sDrived Expedition,2017-01-01,Third Party insurance,Diesel,5,30000,First Owner,Power Steering,2017-01-01,30.975,188.0,400.0,19.5
214, Skoda Rapid . MPI Ambition Plus,2015-01-01,Third Party insurance,Petrol,5,80000,Second Owner,Manual,2015-01-01,15.0,1598.0,1036.0,3.3
215, Mercedes-Benz C-Class Progressive C ,2020-01-01,Zero Dep,Petrol,5,32628,First Owner,Automatic,2020-01-01,11.9,1950.0,20115.0,30.5625
216, MG Gloster Savvy -Str,2021-01-01,Comprehensive,Diesel,6,35000,First Owner,Automatic,2021-01-01,12.4,1996.0,21476.25,30.5625
217, Hyundai Grand i Magna,2014-01-01,Comprehensive,Petrol,5,67264,Second Owner,Manual,2014-01-01,30.975,82.0,114.0,3.27
218, Mercedes-Benz V-Class - Exclusive,2019-01-01,Zero Dep,Diesel,6,17000,First Owner,Automatic,2019-01-01,16.0,1950.0,16092.0,30.5625
219, Maruti Wagon R LXI CNG,2013-01-01,Comprehensive,CNG,5,77584,Second Owner,Manual,2013-01-01,26.6,998.0,5816.0,2.8
220, Mercedes-Benz S-Class Maybach S,2016-01-01,Comprehensive,Petrol,4,50000,First Owner,Automatic,2016-01-01,7.895000000000001,3182.0,459.0,30.5625
221, Mahindra Scorpio S Plus  Seater,2017-01-01,Third Party insurance,Diesel,7,70000,First Owner,Manual,2017-01-01,15.4,2179.0,120.0,9.0
222, Maruti Swift LXI BSIV,2013-01-01,Comprehensive,Petrol,5,71977,Second Owner,Manual,2013-01-01,30.975,3182.0,113.0,2.94
223, Maruti Ignis . Zeta BSIV,2017-01-01,Comprehensive,Petrol,5,52690,Second Owner,Manual,2017-01-01,20.89,1197.0,8180.0,4.2
224, Hyundai Creta SX Opt IVT,2022-01-01,Comprehensive,Petrol,5,11900,First Owner,Automatic,2022-01-01,14.0,1497.0,11318.0,18.25
225, Hyundai i Sportz .,2017-01-01,Comprehensive,Petrol,5,53747,First Owner,Manual,2017-01-01,18.6,1197.0,8183.0,5.77
226, BMW X xDrive d Luxury Line,2020-01-01,Zero Dep,Diesel,5,32321,First Owner,Automatic,2019-01-01,16.55,1995.0,1877.0,30.5625
227, Honda Brio S MT,2015-01-01,Comprehensive,Petrol,5,55485,First Owner,Manual,2015-01-01,19.4,1198.0,868.0,3.35
228, MG Hector Plus Smart DCT,2020-01-01,Third Party insurance,Petrol,6,20000,First Owner,Power Windows Front,2020-01-01,30.975,141.0,250.0,17.5
229, Land Rover Range Rover Velar P R-Dynamic SE,2018-01-01,Third Party insurance,Petrol,5,54000,Second Owner,Automatic,2018-01-01,15.8,1997.0,247.0,30.5625
230, Maruti Baleno . Zeta,2017-01-01,Comprehensive,Petrol,5,49404,First Owner,Manual,2017-01-01,21.4,1197.0,831.0,5.44
231, BMW X sDrived Expedition,2017-01-01,Third Party insurance,Diesel,5,32000,First Owner,Power Steering,2017-01-01,30.975,188.0,400.0,18.2
232, Ford Endeavour . Titanium AT X,2018-01-01,Third Party insurance,Diesel,7,100000,First Owner,Automatic,2018-01-01,10.91,3182.0,197.0,22.5
256, Mahindra Scorpio N ZL AT BSVI,2022-01-01,Comprehensive,Petrol,7,8000,First Owner,Automatic,2022-01-01,30.975,200.0,380.0,24.0
257, Maruti Wagon R VXi BSII,2014-01-01,Comprehensive,Petrol,5,33841,First Owner,Manual,2014-01-01,30.975,671.0,90.0,3.17
259, Volkswagen Virtus Topline BSVI,2023-01-01,Comprehensive,Petrol,5,9246,First Owner,Manual,2023-01-01,19.4,999.0,11398.0,15.62
260, Toyota Innova Crysta . ZX AT BSIV,2018-01-01,Comprehensive,Petrol,7,42000,First Owner,Automatic,2018-01-01,10.75,2694.0,1637.0,17.9
262, Tata Tiago . Revotorq XT,2018-01-01,Comprehensive,Diesel,5,42462,First Owner,Manual,2018-01-01,27.28,1047.0,69.0,4.3
264, Mahindra Alturas G X AT,2021-01-01,Third Party insurance,Diesel,7,30000,First Owner,Automatic,2021-01-01,12.05,2157.0,17849.0,24.75
265, Hyundai i Magna,2012-01-01,Comprehensive,Petrol,5,96660,First Owner,Manual,2012-01-01,18.5,1197.0,8285.0,2.47
267, Hyundai Grand i Asta,2014-01-01,Comprehensive,Petrol,5,38963,First Owner,Manual,2014-01-01,18.9,1197.0,82.0,4.13
268, Hyundai i . Magna,2011-01-01,Third Party insurance,Petrol,5,70000,Second Owner,Manual,2011-01-01,18.5,1197.0,21476.25,1.6
269, BMW X sDrived Expedition,2017-01-01,Third Party insurance,Diesel,5,32000,First Owner,Power Steering,2017-01-01,30.975,188.0,400.0,19.5
270, Hyundai Grand i . Kappa Sportz BSIV,2017-01-01,Comprehensive,Petrol,5,63249,First Owner,Manual,2017-01-01,18.9,1197.0,8186.0,4.59
272, BMW  Series Black Shadow Edition,2021-01-01,Third Party insurance,Petrol,4,40000,First Owner,Power Steering,2021-01-01,30.975,3182.0,280.0,30.5625
273, Maruti Ertiga ZXI Plus,2016-01-01,Comprehensive,Petrol,7,82000,First Owner,Manual,2016-01-01,19.01,1462.0,10326.0,7.49
274, Maruti Ciaz . Sigma,2019-01-01,Comprehensive,Petrol,5,38000,First Owner,Manual,2019-01-01,20.73,1373.0,911.0,6.75
275, Kia Carnival Prestige,2020-01-01,Third Party insurance,Diesel,7,40500,First Owner,Automatic,2020-01-01,14.11,2199.0,19726.0,25.25
276, Kia Sonet GTX Plus Diesel BSVI,2020-01-01,Zero Dep,Diesel,5,40000,First Owner,Manual,2020-01-01,30.975,3182.0,240.0,11.55
277, Hyundai i Sportz,2015-01-01,Comprehensive,Petrol,5,65170,Second Owner,Manual,2015-01-01,20.36,1197.0,789.0,3.02
278, Honda WR-V i-VTEC VX,2018-01-01,Comprehensive,Petrol,5,50000,First Owner,Manual,2018-01-01,17.5,1199.0,887.0,7.25
279, Renault KWID . RXL BSVI,2020-01-01,Comprehensive,Petrol,5,34838,First Owner,Manual,2020-01-01,30.975,3182.0,91.0,3.88
280, Hyundai i Asta Opt Turbo DCT BSVI,2021-01-01,Comprehensive,Petrol,5,30466,First Owner,Automatic,2021-01-01,20.28,998.0,11841.0,10.5
281, Mercedes-Benz E-Class Exclusive E d,2020-01-01,Comprehensive,Diesel,5,32000,Second Owner,Automatic,2020-01-01,16.1,1950.0,1917.0,30.5625
282, Volvo S D Momentum BSIV,2018-01-01,Third Party insurance,Diesel,5,50000,First Owner,Automatic,2018-01-01,18.0,1969.0,190.0,30.5625
283, Maruti Swift Dzire VXI,2014-01-01,Comprehensive,Petrol,5,48946,First Owner,Manual,2014-01-01,19.1,1197.0,858.0,4.11
284, BMW X xDrived xLine,2017-01-01,Comprehensive,Diesel,5,43498,Second Owner,Automatic,2017-01-01,18.56,1995.0,190.0,29.9
285, Mahindra Thar LX -Str Convert Top AT BSVI,2022-01-01,Comprehensive,Petrol,4,8744,First Owner,Automatic,2022-01-01,15.2,1997.0,150.0,16.01
286, Hyundai Venue E Diesel,2020-01-01,Third Party insurance,Diesel,5,30000,First Owner,Manual,2020-01-01,30.975,986.0,21476.25,7.8
287, Land Rover Discovery Sport Petrol HSE S,2017-01-01,Comprehensive,Petrol,7,72000,First Owner,Automatic,2017-01-01,12.81,1997.0,21476.25,30.5625
288, Hyundai i Sportz .,2017-01-01,Comprehensive,Petrol,5,71361,First Owner,Manual,2017-01-01,18.6,1197.0,8183.0,5.52
289, BMW X sDrive d xLine,2017-01-01,Comprehensive,Diesel,5,60500,First Owner,Automatic,2017-01-01,20.68,1995.0,188.0,19.95
290, Audi A  TFSI Technology WO Matrix BSVI,2021-01-01,Third Party insurance,Petrol,5,30000,First Owner,Automatic,2021-01-01,14.11,1984.0,2413.0,30.5625
291, Ford Ecosport . Diesel Titanium,2018-01-01,Comprehensive,Diesel,5,64000,First Owner,Manual,2018-01-01,21.7,1498.0,9896.0,7.99
292, Mercedes-Benz B Class B Sports,2013-01-01,Comprehensive,Petrol,5,26000,Second Owner,Automatic,2013-01-01,11.9,1595.0,1207.0,12.45
293, Ford Ecosport . Petrol Titanium AT,2016-01-01,Comprehensive,Petrol,5,60000,First Owner,Automatic,2016-01-01,14.7,1496.0,12069.0,6.49
298, Land Rover Discovery Sport Petrol HSE S,2018-01-01,Comprehensive,Petrol,7,72000,Second Owner,Automatic,2018-01-01,12.81,1997.0,21476.25,30.5625
313, Audi Q Premium Plus I,2021-01-01,Comprehensive,Petrol,5,28000,First Owner,Automatic,2021-01-01,30.975,3182.0,320.0,26.5
314, Maruti Swift Dzire . Vxi BSIV,2011-01-01,Comprehensive,Petrol,5,89002,First Owner,Manual,2011-01-01,17.5,1197.0,858.0,2.37
315, Maruti Baleno . Alpha,2018-01-01,Comprehensive,Petrol,5,36937,First Owner,Manual,2018-01-01,21.4,1197.0,831.0,6.4
316, Toyota Innova Crysta . VX MT,2019-01-01,Third Party insurance,Diesel,7,42000,First Owner,Manual,2019-01-01,13.68,2393.0,14751.0,18.75
317, BMW  Series d Luxury Line,2019-01-01,Comprehensive,Diesel,5,55000,First Owner,Automatic,2019-01-01,20.37,1995.0,18774.0,30.5625
318, Maruti Baleno Delta,2019-01-01,Comprehensive,Petrol,5,70391,Second Owner,Manual,2019-01-01,21.01,1197.0,8180.0,5.12
319, Hyundai Elantra SX,2014-01-01,Third Party insurance,Petrol,5,56000,First Owner,Manual,2014-01-01,16.3,1797.0,1475.0,4.95
320, Hyundai Grand i Sportz,2016-01-01,Comprehensive,Petrol,5,52190,First Owner,Manual,2016-01-01,18.9,1197.0,82.0,4.31
321, Mercedes-Benz C-Class C  CDI Grand Edition,2014-01-01,Third Party insurance,Diesel,5,40000,First Owner,Automatic,2014-01-01,11.78,2143.0,16762.0,9.99
322, Audi A  TDI Premium Plus,2018-01-01,Comprehensive,Diesel,5,72000,First Owner,Automatic,2018-01-01,20.38,1968.0,143.0,20.0
323, Maruti Wagon R VXi BSII,2013-01-01,Comprehensive,Petrol,5,48173,First Owner,Manual,2013-01-01,30.975,671.0,90.0,2.88
324, BMW  Series i Touring,2012-01-01,Third Party insurance,Petrol,5,110000,Second Owner,Automatic,2012-01-01,12.05,1995.0,154.0,7.3
325, Honda City V MT,2012-01-01,Third Party insurance,Petrol,5,50000,First Owner,Manual,2012-01-01,16.8,1497.0,1163.0,3.39
326, Mercedes-Benz CLA Urban Sport d,2019-01-01,Third Party insurance,Diesel,5,44132,Second Owner,Automatic,2019-01-01,17.9,2143.0,1341.0,26.9
327, Honda City i VTEC VX,2015-01-01,Third Party insurance,Petrol,5,90000,Third Owner,Manual,2015-01-01,17.4,1497.0,1173.0,4.75
328, Ford Endeavour Titanium Plus X AT,2020-01-01,Comprehensive,Diesel,7,49000,First Owner,Automatic,2020-01-01,12.4,1996.0,16762.0,30.5625
331, Hyundai Venue SX Turbo,2019-01-01,Comprehensive,Petrol,5,28194,First Owner,Manual,2019-01-01,18.27,998.0,11835.0,9.03
332, BMW  Series i M Sport,2019-01-01,Comprehensive,Petrol,5,34500,First Owner,Automatic,2019-01-01,15.01,1998.0,21476.25,30.5625
333, Mercedes-Benz E-Class Exclusive E  d BSIV,2019-01-01,Zero Dep,Diesel,5,50605,Second Owner,Automatic,2019-01-01,16.1,1950.0,1917.0,30.5625
348, Audi Q . TDI Quattro Technology,2017-01-01,Comprehensive,Diesel,7,70000,Second Owner,Automatic,2017-01-01,12.07,2967.0,2414.0,30.5625
349, Hyundai Creta . Gamma SX Plus,2015-01-01,Comprehensive,Petrol,5,49341,First Owner,Manual,2015-01-01,15.29,1591.0,1213.0,8.42
350, Isuzu MU-X X,2018-01-01,Comprehensive,Diesel,7,55000,First Owner,Automatic,2018-01-01,13.8,2999.0,175.0,18.95
351, Hyundai Creta . S,2019-01-01,Comprehensive,Diesel,5,55861,First Owner,Manual,2019-01-01,22.1,1396.0,887.0,10.27
352, Land Rover Discovery HSE . Si,2018-01-01,Third Party insurance,Petrol,7,76000,Second Owner,Automatic,2018-01-01,9.17,2995.0,21476.25,30.5625
353, Toyota Innova Crysta . G MT,2018-01-01,Comprehensive,Diesel,7,68000,First Owner,Manual,2018-01-01,13.68,2393.0,14751.0,14.25
354, Honda Amaze VX i-VTEC,2014-01-01,Comprehensive,Petrol,5,52565,First Owner,Manual,2014-01-01,17.8,1198.0,867.0,4.17
355, Volvo S D Momentum,2018-01-01,Comprehensive,Diesel,5,72000,First Owner,Automatic,2018-01-01,18.0,1969.0,190.0,29.55
356, Audi Q  TDI Quattro Technology,2017-01-01,Comprehensive,Diesel,7,70000,Second Owner,Automatic,2017-01-01,14.75,2967.0,245.0,30.5625
357, Hyundai Grand i . Kappa Sportz BSIV,2019-01-01,Comprehensive,Petrol,5,73074,First Owner,Manual,2019-01-01,18.9,1197.0,8186.0,4.93
358, Tata Harrier XZ,2019-01-01,Third Party insurance,Diesel,5,45000,First Owner,Manual,2019-01-01,16.35,1956.0,16767.0,13.75
359, Hyundai Grand i Magna,2014-01-01,Comprehensive,Petrol,5,90995,First Owner,Manual,2014-01-01,30.975,82.0,114.0,3.35
360, Renault KWID . RXT Optional AT -,2017-01-01,Third Party insurance,Petrol,5,30000,First Owner,Automatic,2017-01-01,23.01,999.0,67.0,3.35
361, Honda City i DTEC V,2014-01-01,Third Party insurance,Diesel,5,80000,First Owner,Power Steering,2014-01-01,30.975,986.0,200.0,4.75
362, Maruti Wagon R LXI BS IV,2014-01-01,Third Party insurance,Petrol,5,42346,Second Owner,Manual,2014-01-01,20.51,998.0,6704.0,3.01
363, Honda City i-VTEC CVT VX,2020-01-01,Comprehensive,Petrol,5,31120,First Owner,Automatic,2020-01-01,18.0,1497.0,1176.0,11.5
364, Hyundai Verna . SX CRDI (O) AT,2014-01-01,Third Party insurance,Diesel,5,100000,First Owner,Automatic,2014-01-01,22.32,1582.0,12632.0,3.95
365, Toyota Yaris J CVT BSIV,2018-01-01,Third Party insurance,Petrol,5,33500,First Owner,Automatic,2018-01-01,17.8,1496.0,1055.0,7.5
366, Hyundai Grand i Magna CNG,2015-01-01,Comprehensive,CNG,5,64000,First Owner,Manual,2015-01-01,30.975,82.0,114.0,4.25
367, Honda City . S MT,2011-01-01,Third Party insurance,Petrol,5,110000,First Owner,Power Steering,2011-01-01,30.975,3182.0,21476.25,3.5
388, BMW  Series Li M Sport,2022-01-01,Comprehensive,Petrol,4,4000,First Owner,Automatic,2022-01-01,11.86,2998.0,21476.25,1.25
389, Maruti A-Star Zxi,2012-01-01,Comprehensive,Petrol,5,48936,Second Owner,Manual,2011-01-01,19.0,998.0,661.0,2.34
390, Mitsubishi Outlander . CVT,2019-01-01,Comprehensive,Petrol,7,23000,Second Owner,Automatic,2019-01-01,10.2,2360.0,16494.0,19.5
391, Maruti Baleno . Zeta,2017-01-01,Comprehensive,Petrol,5,61814,First Owner,Manual,2017-01-01,21.4,1197.0,831.0,5.27
392, BMW X xDrive d xLine,2019-01-01,Zero Dep,Diesel,5,62000,Second Owner,Automatic,2019-01-01,13.38,2993.0,21476.25,30.5625
393, Volkswagen Polo GT TSI Sport Edition,2017-01-01,Third Party insurance,Petrol,5,40000,First Owner,Automatic,2017-01-01,17.21,1197.0,1035.0,10.0
394, Hyundai Venue SX Turbo,2020-01-01,Comprehensive,Petrol,5,30200,First Owner,Manual,2020-01-01,18.27,998.0,11835.0,9.25
395, Skoda Superb LK . TSI AT,2020-01-01,Third Party insurance,Petrol,5,34123,First Owner,Automatic,2020-01-01,14.67,1798.0,17746.0,30.5
396, Mercedes-Benz AMG GLC  MATIC Coupe,2022-01-01,Comprehensive,Petrol,5,16000,First Owner,Automatic,2022-01-01,30.975,3182.0,520.0,30.5625
397, Maruti Vitara Brezza ZDi Plus Dual Tone,2018-01-01,Comprehensive,Diesel,5,28645,First Owner,Manual,2018-01-01,24.3,1248.0,885.0,7.71
398, Audi A  TDI Premium,2015-01-01,Comprehensive,Diesel,5,48933,Second Owner,Automatic,2015-01-01,17.11,1968.0,17433.0,15.75
399, Hyundai Creta . VTVT AT SX Plus,2016-01-01,Comprehensive,Petrol,5,60970,First Owner,Automatic,2016-01-01,13.0,1591.0,1213.0,9.4
400, Hyundai Creta . VTVT AT SX Plus,2017-01-01,Third Party insurance,Petrol,5,50000,First Owner,Automatic,2017-01-01,13.0,1591.0,1213.0,7.75
401, Toyota Fortuner . WD MT,2018-01-01,Third Party insurance,Diesel,7,56000,First Owner,Manual,2018-01-01,14.24,2755.0,1745.0,27.5
402, Hyundai Grand i . Kappa Asta,2018-01-01,Comprehensive,Petrol,5,40427,First Owner,Manual,2018-01-01,18.9,1197.0,8186.0,5.36
403, Maruti Ciaz . Delta,2019-01-01,Third Party insurance,Petrol,5,54213,First Owner,Manual,2019-01-01,20.73,1373.0,911.0,7.9
404, Ford Endeavour Titanium Plus X AT,2021-01-01,Third Party insurance,Diesel,7,20000,First Owner,Power Steering,2021-01-01,30.975,3182.0,420.0,30.5625
405, Toyota Corolla Altis G,2011-01-01,Third Party insurance,Petrol,5,85000,Second Owner,Manual,2011-01-01,14.53,1798.0,1381.0,2.75
406, Toyota Innova Crysta . G MT  STR,2016-01-01,Comprehensive,Diesel,8,91000,Second Owner,Manual,2016-01-01,13.68,2393.0,14751.0,12.0
407, Hyundai Grand i Sportz,2016-01-01,Third Party insurance,Petrol,5,47000,First Owner,Manual,2016-01-01,18.9,1197.0,82.0,3.85
408, Honda City i VTEC CVT VX,2015-01-01,Comprehensive,Petrol,5,54630,First Owner,Automatic,2015-01-01,18.0,1497.0,1173.0,6.86
409, Audi Q  TDI Quattro Technology,2016-01-01,Comprehensive,Diesel,7,72222,Second Owner,Automatic,2015-01-01,14.75,2967.0,245.0,30.5625
410, Honda City i-VTEC CVT ZX,2020-01-01,Comprehensive,Petrol,5,41116,First Owner,Automatic,2019-01-01,18.0,1497.0,1176.0,10.39
411, Land Rover Range Rover Sport . Petrol SE,2019-01-01,Zero Dep,Petrol,5,4000,First Owner,Automatic,2019-01-01,12.65,1997.0,21476.25,1.1
412, Jaguar XJ .L Portfolio,2017-01-01,Comprehensive,Petrol,5,20000,First Owner,Automatic,2017-01-01,9.43,1999.0,2374.0,30.5625
413, Tata Altroz XZ Plus BSVI,2023-01-01,Comprehensive,Petrol,5,29502,First Owner,Manual,2021-01-01,19.33,1199.0,8683.0,7.56
414, BMW X xDrive d M Sport,2014-01-01,Comprehensive,Diesel,5,130000,First Owner,Automatic,2014-01-01,15.97,2993.0,258.0,12.21
415, Mercedes-Benz E-Class E CDI Avantgarde,2017-01-01,Comprehensive,Diesel,5,35000,First Owner,Automatic,2017-01-01,13.0,2143.0,204.0,23.9
416, Honda WR-V i-DTEC VX,2017-01-01,Comprehensive,Diesel,5,56458,Second Owner,Manual,2017-01-01,25.5,1498.0,986.0,5.71
417, Maruti Ciaz . AT Alpha,2018-01-01,Comprehensive,Petrol,5,50000,First Owner,Automatic,2018-01-01,19.12,1373.0,911.0,7.25
418, Maruti Baleno . Zeta,2018-01-01,Comprehensive,Petrol,5,61657,First Owner,Manual,2018-01-01,21.4,1197.0,831.0,5.93
419, Honda City i VTEC CVT VX,2016-01-01,Third Party insurance,Petrol,5,50000,First Owner,Automatic,2016-01-01,18.0,1497.0,1173.0,6.5
420, Maruti Ciaz . Zeta,2017-01-01,Third Party insurance,Petrol,5,67000,First Owner,Manual,2017-01-01,20.73,1373.0,911.0,6.25
421, Hyundai i Sportz .,2016-01-01,Comprehensive,Petrol,5,104948,First Owner,Manual,2016-01-01,18.6,1197.0,8183.0,4.61
422, Jaguar XJ .L Portfolio,2017-01-01,Comprehensive,Petrol,5,20000,First Owner,Automatic,2017-01-01,9.43,1999.0,2374.0,30.5625
423, Kia Seltos HTK Plus,2023-01-01,Third Party insurance,Petrol,5,10000,First Owner,Manual,2023-01-01,17.0,1497.0,11342.0,15.21
424, Mercedes-Benz M-Class ML  CDI,2014-01-01,Comprehensive,Diesel,5,130000,Second Owner,Automatic,2014-01-01,11.74,2987.0,2548.0,17.5
425, Toyota Camry . Hybrid,2016-01-01,Comprehensive,Petrol,5,46000,First Owner,Automatic,2016-01-01,19.16,2494.0,1577.0,20.5
426, Honda City i VTEC E,2015-01-01,Comprehensive,Petrol,5,90000,First Owner,Manual,2015-01-01,30.975,1173.0,145.0,5.65
447, Audi A  TDI Premium Plus,2020-01-01,Comprehensive,Diesel,5,39000,Second Owner,Automatic,2020-01-01,20.38,1968.0,143.0,22.5
448, Hyundai Creta . VTVT AT SX Plus,2017-01-01,Comprehensive,Petrol,5,64727,First Owner,Automatic,2017-01-01,13.0,1591.0,1213.0,9.87
449, Hyundai i Active . S,2018-01-01,Third Party insurance,Diesel,5,65000,First Owner,Manual,2018-01-01,21.19,1396.0,8873.0,6.5
450, Honda Brio S MT,2013-01-01,Third Party insurance,Petrol,5,44636,Second Owner,Manual,2013-01-01,19.4,1198.0,868.0,2.63
451, Toyota Fortuner x AT,2015-01-01,Comprehensive,Diesel,7,100000,Second Owner,Automatic,2015-01-01,12.55,2982.0,1685.0,15.5
452, Mercedes-Benz C-Class Progressive C d,2021-01-01,Zero Dep,Diesel,5,23616,First Owner,Automatic,2021-01-01,12.6,1950.0,194.0,30.5625
453, Hyundai Xcent . Kappa S,2014-01-01,Comprehensive,Petrol,5,107682,First Owner,Manual,2014-01-01,19.1,1197.0,82.0,3.39
454, Mercedes-Benz AMG GLA  MATIC,2022-01-01,Third Party insurance,Petrol,5,9500,First Owner,Automatic,2022-01-01,30.975,3182.0,400.0,30.5625
455, Land Rover Discovery Sport Petrol HSE S,2019-01-01,Comprehensive,Petrol,7,47500,First Owner,Automatic,2019-01-01,12.81,1997.0,21476.25,30.5625
456, Volkswagen Polo Petrol Highline .L,2011-01-01,Comprehensive,Petrol,5,101914,Second Owner,Manual,2011-01-01,16.47,1198.0,739.0,2.59
457, Hyundai Grand i Nios Magna BSVI,2023-01-01,Comprehensive,Petrol,5,620,First Owner,Manual,2023-01-01,30.975,3182.0,1138.0,6.65
458, Maruti Baleno Alpha,2019-01-01,Comprehensive,Petrol,5,45507,First Owner,Manual,2019-01-01,21.01,1197.0,8180.0,6.49
459, Audi A L . TDI quattro,2015-01-01,Comprehensive,Diesel,4,58000,First Owner,Automatic,2015-01-01,16.77,2967.0,21476.25,29.75
460, Mercedes-Benz S-Class S d BSVI,2022-01-01,Comprehensive,Diesel,5,7000,First Owner,Automatic,2022-01-01,30.975,3182.0,600.0,1.55
461, Ford Ecosport . Ti VCT AT Titanium,2015-01-01,Comprehensive,Petrol,5,74095,Second Owner,Automatic,2015-01-01,16.5,1499.0,110.0,5.37
462, BMW X xDrivei M Sport,2022-01-01,Zero Dep,Petrol,5,8450,First Owner,Automatic,2022-01-01,19.0,6.0,1176.0,30.5625
463, Mercedes-Benz S-Class Maybach S,2018-01-01,Comprehensive,Petrol,4,40000,First Owner,Automatic,2018-01-01,7.895000000000001,3182.0,459.0,1.09
464, Maruti Alto  LXi BSIII,2010-01-01,Comprehensive,Petrol,5,77684,Second Owner,Manual,2010-01-01,30.975,463.0,62.0,1.54
465, Audi Q Technology BSVI,2022-01-01,Third Party insurance,Petrol,5,22900,First Owner,Automatic,2021-01-01,13.47,1984.0,21476.25,30.5625
466, Mercedes-Benz A-Class Limousine A d BSVI,2022-01-01,Third Party insurance,Diesel,5,10000,First Owner,Power Steering,2022-01-01,30.975,320.0,17.0,30.5625
467, Mercedes-Benz GLS d MATIC,2022-01-01,Comprehensive,Diesel,7,19000,Second Owner,Automatic,2022-01-01,30.975,3182.0,700.0,1.15
468, Hyundai Grand i Sportz,2014-01-01,Comprehensive,Petrol,5,74846,Second Owner,Manual,2014-01-01,18.9,1197.0,82.0,3.1
469, Toyota Glanza S,2022-01-01,Comprehensive,Petrol,5,4500,First Owner,Manual,2022-01-01,22.35,1197.0,8850.0,7.55
470, Hyundai i Magna,2012-01-01,Comprehensive,Petrol,5,97722,Third Owner,Manual,2012-01-01,18.5,1197.0,21476.25,2.27
471, Jeep Wrangler Rubicon,2023-01-01,Third Party insurance,Petrol,5,9000,First Owner,Automatic,2023-01-01,12.1,1998.0,21476.25,30.5625
472, Mercedes-Benz AMG GLE  Coupe,2020-01-01,Third Party insurance,Petrol,5,19000,First Owner,Automatic,2020-01-01,8.9,2999.0,435.0,30.5625
473, Honda City i VTEC CVT VX,2015-01-01,Comprehensive,Petrol,5,79683,First Owner,Automatic,2015-01-01,18.0,1497.0,1173.0,6.35
474, Maruti Swift Dzire VXI AT,2022-01-01,Comprehensive,Petrol,5,26000,First Owner,Automatic,2022-01-01,22.61,1197.0,8850.0,7.95
475, BMW X sDrive d xLine,2016-01-01,Third Party insurance,Diesel,5,70000,Second Owner,Automatic,2016-01-01,20.68,1995.0,188.0,15.5
476, Kia Seltos GTX Plus DCT,2019-01-01,Comprehensive,Petrol,5,85540,First Owner,Automatic,2019-01-01,16.5,1353.0,13808.0,13.86
477, Mahindra XUV W Turbo,2023-01-01,Third Party insurance,Petrol,5,10000,First Owner,Manual,2023-01-01,30.975,3182.0,230.0,11.7
478, Maruti Baleno Alpha,2019-01-01,Comprehensive,Petrol,5,50170,First Owner,Manual,2019-01-01,21.01,1197.0,8180.0,6.87
479, BMW X xDrived DPE Signature,2020-01-01,Comprehensive,Diesel,7,44000,First Owner,Automatic,2020-01-01,13.38,2993.0,21476.25,30.5625
480, Mercedes-Benz C-Class Progressive C d,2022-01-01,Comprehensive,Diesel,5,4000,First Owner,Automatic,2022-01-01,12.6,1950.0,194.0,30.5625
481, Maruti Wagon R VXi BSII,2015-01-01,Comprehensive,Petrol,5,37163,Second Owner,Manual,2015-01-01,30.975,671.0,90.0,3.18
482, MG Hector Sharp CVT,2022-01-01,Third Party insurance,Petrol,5,21003,First Owner,Automatic,2022-01-01,30.975,141.0,250.0,18.75
483, BMW X xDrive d Luxury Line,2018-01-01,Comprehensive,Diesel,5,49000,First Owner,Automatic,2018-01-01,16.55,1995.0,1877.0,30.5625
484, Maruti A-Star AT VXI,2011-01-01,Comprehensive,Petrol,5,89057,Second Owner,Automatic,2011-01-01,16.98,998.0,661.0,2.26
485, Mercedes-Benz C-Class Progressive C ,2021-01-01,Comprehensive,Petrol,5,12000,First Owner,Automatic,2021-01-01,11.9,1950.0,20115.0,30.5625
486, Maruti Vitara Brezza VXI AT,2022-01-01,Comprehensive,Petrol,5,11000,First Owner,Automatic,2022-01-01,18.76,1462.0,10326.0,9.99
507, Honda City i VTEC VX Option BL,2016-01-01,Comprehensive,Petrol,5,72692,First Owner,Manual,2016-01-01,17.8,1497.0,1173.0,6.85
508, Ford Ecosport . Ti VCT AT Titanium BSIV,2016-01-01,Comprehensive,Petrol,5,47463,Second Owner,Automatic,2016-01-01,15.63,1499.0,1104.0,6.33
509, Mercedes-Benz GLC ,2022-01-01,Zero Dep,Petrol,5,7651,First Owner,Automatic,2022-01-01,12.74,1991.0,197.0,30.5625
510, Honda City i VTEC VX,2014-01-01,Comprehensive,Petrol,5,69348,First Owner,Manual,2014-01-01,17.8,1497.0,1173.0,6.19
511, Jaguar XJ .L Portfolio,2016-01-01,Comprehensive,Diesel,5,40000,First Owner,Automatic,2016-01-01,14.47,2993.0,21476.25,30.5625
512, Land Rover Range Rover Velar P R-Dynamic SE,2020-01-01,Comprehensive,Petrol,5,18000,First Owner,Automatic,2020-01-01,15.8,1997.0,247.0,30.5625
513, Toyota Etios G,2011-01-01,Comprehensive,Petrol,5,51710,First Owner,Manual,2011-01-01,18.9,1461.0,1176.0,2.48
514, Hyundai Santro Xing GLS CNG,2013-01-01,Third Party insurance,CNG,5,40000,Second Owner,Manual,2013-01-01,11.88,1086.0,621.0,2.1
515, Mercedes-Benz GLS d MATIC,2016-01-01,Comprehensive,Diesel,7,84000,First Owner,Automatic,2016-01-01,11.0,2987.0,258.0,30.5625
516, Maruti Wagon R VXi BSII,2013-01-01,Comprehensive,Petrol,5,62411,First Owner,Manual,2013-01-01,30.975,671.0,90.0,2.9
517, Maruti Brezza Zxi Plus BSVI,2022-01-01,Third Party insurance,Petrol,5,22711,First Owner,Manual,2022-01-01,19.89,1462.0,10165.0,11.35
518, Hyundai Grand i Sportz,2014-01-01,Comprehensive,Petrol,5,90576,First Owner,Manual,2014-01-01,18.9,1197.0,82.0,3.37
519, Mercedes-Benz E-Class E d,2018-01-01,Comprehensive,Diesel,5,44000,First Owner,Automatic,2018-01-01,17.0,2987.0,2548.0,30.5625
520, Maruti Swift LXI Option,2017-01-01,Comprehensive,Petrol,5,49000,First Owner,Manual,2017-01-01,30.975,3182.0,113.0,4.25
521, Hyundai Venue SX Turbo,2020-01-01,Comprehensive,Petrol,5,40678,First Owner,Manual,2019-01-01,18.27,998.0,11835.0,9.24
522, Maruti Wagon R LX BS IV,2012-01-01,Comprehensive,Petrol,5,32000,First Owner,Manual,2012-01-01,30.975,3182.0,90.0,2.2
523, Maruti Ertiga ZXI Plus,2020-01-01,Comprehensive,Petrol,7,27500,First Owner,Manual,2020-01-01,19.01,1462.0,10326.0,10.5
524, Hyundai i Sportz .,2018-01-01,Comprehensive,Petrol,5,92539,First Owner,Manual,2018-01-01,18.6,1197.0,8183.0,5.28
525, BMW  Series Gran Limousine Li M Sport First Edition,2021-01-01,Comprehensive,Petrol,5,21000,First Owner,Automatic,2021-01-01,15.3,1998.0,21476.25,30.5625
526, Maruti Baleno . Zeta,2020-01-01,Comprehensive,Petrol,5,6000,First Owner,Manual,2020-01-01,21.4,1197.0,831.0,6.95
547, Mahindra XUV AX AT Luxury Pack,2022-01-01,Comprehensive,Petrol,7,5000,First Owner,Automatic,2022-01-01,30.975,3182.0,380.0,26.5
548, Tata Tiago XZ Plus,2019-01-01,Comprehensive,Petrol,5,16570,First Owner,Manual,2019-01-01,23.84,1199.0,8383.0,5.23
549, Maruti Wagon R VXI,2022-01-01,Comprehensive,Petrol,5,11000,First Owner,Manual,2022-01-01,21.79,998.0,6705.0,5.75
550, Honda WR-V i-VTEC VX,2017-01-01,Comprehensive,Petrol,5,39791,First Owner,Manual,2017-01-01,17.5,1199.0,887.0,6.92
551, Mahindra XUV W WD,2017-01-01,Comprehensive,Diesel,7,130000,First Owner,Manual,2017-01-01,16.0,2179.0,140.0,6.95
552, Mercedes-Benz G G  AMG,2023-01-01,Comprehensive,Petrol,5,3000,First Owner,Automatic,2023-01-01,8.13,3182.0,21476.25,4.0
553, Maruti Swift Dzire LXI,2012-01-01,Comprehensive,Petrol,5,94176,First Owner,Manual,2012-01-01,30.975,3182.0,113.0,2.67
554, Porsche Cayenne . S Platinum Edition,2023-01-01,Comprehensive,Petrol,5,11000,First Owner,Automatic,2023-01-01,12.5,3182.0,420.0,1.47
555, Kia Seltos GTK,2019-01-01,Comprehensive,Petrol,5,30000,First Owner,Manual,2019-01-01,16.1,1353.0,138.0,13.25
556, Volkswagen Taigun . TSI GT BSVI,2022-01-01,Comprehensive,Petrol,5,49594,First Owner,Manual,2021-01-01,18.47,1498.0,14751.0,13.37
557, Volkswagen Polo Petrol Comfortline .L,2012-01-01,Comprehensive,Petrol,5,60000,First Owner,Manual,2012-01-01,16.47,1198.0,739.0,2.7
558, Honda Brio S MT,2016-01-01,Comprehensive,Petrol,5,76441,First Owner,Manual,2015-01-01,19.4,1198.0,868.0,3.26
559, Mercedes-Benz M-Class ML  CDI,2014-01-01,Third Party insurance,Diesel,5,75000,Second Owner,Automatic,2014-01-01,11.74,2987.0,2548.0,17.75
560, Maruti Wagon R VXI AMT,2017-01-01,Comprehensive,Petrol,5,53000,First Owner,Automatic,2017-01-01,21.79,998.0,6705.0,3.95
561, Hyundai Creta . Gamma SX Plus,2017-01-01,Comprehensive,Petrol,5,56572,First Owner,Manual,2017-01-01,15.29,1591.0,1213.0,9.31
562, Maruti Baleno Alpha,2018-01-01,Comprehensive,Petrol,5,27210,First Owner,Manual,2018-01-01,21.01,1197.0,8180.0,6.0
563, Mercedes-Benz GLE  MATIC,2017-01-01,Comprehensive,Petrol,5,56000,First Owner,Automatic,2017-01-01,9.7,2996.0,21476.25,30.5625
564, Hyundai i Asta .,2014-01-01,Comprehensive,Petrol,5,62677,First Owner,Manual,2014-01-01,18.6,1197.0,8183.0,4.92
565, Maruti Baleno Delta,2023-01-01,Comprehensive,Petrol,5,18000,First Owner,Manual,2023-01-01,22.35,1197.0,8850.0,7.5
566, BMW  Series d Luxury Line,2019-01-01,Comprehensive,Diesel,5,35000,First Owner,Automatic,2019-01-01,20.37,1995.0,18774.0,30.5625
587, BMW X xDrive d xLine,2019-01-01,Comprehensive,Diesel,5,38000,Second Owner,Automatic,2019-01-01,13.38,2993.0,21476.25,30.5625
588, Renault Captur . Diesel RXE,2018-01-01,Comprehensive,Diesel,5,109495,First Owner,Manual,2018-01-01,20.37,1461.0,10849.0,6.53
589, Toyota Etios G,2011-01-01,Comprehensive,Petrol,5,54214,First Owner,Manual,2011-01-01,18.9,1461.0,1176.0,2.55
590, Audi A . TDI Premium Plus,2015-01-01,Third Party insurance,Diesel,5,43600,Second Owner,Automatic,2015-01-01,17.11,1968.0,17433.0,11.9
591, Mercedes-Benz C-Class Progressive C d,2020-01-01,Comprehensive,Diesel,5,30000,First Owner,Automatic,2020-01-01,12.6,1950.0,194.0,30.5625
592, Maruti SX S Cross Zeta DDiS  SH,2018-01-01,Comprehensive,Diesel,5,45240,First Owner,Manual,2018-01-01,25.1,1248.0,885.0,7.34
593, Datsun RediGO . T Option,2018-01-01,Comprehensive,Petrol,5,3600,First Owner,Manual,2018-01-01,22.5,999.0,67.0,3.45
594, Mercedes-Benz G G d,2023-01-01,Comprehensive,Diesel,5,36000,First Owner,Automatic,2021-01-01,8.13,2925.0,21476.25,2.05
595, Maruti Baleno Zeta,2021-01-01,Comprehensive,Petrol,5,59090,First Owner,Manual,2020-01-01,21.01,1197.0,8180.0,6.42
596, Audi Q  TDI Quattro Premium,2012-01-01,Comprehensive,Diesel,5,126000,First Owner,Automatic,2012-01-01,15.73,1968.0,17433.0,6.5
597, Hyundai Grand i Sportz,2015-01-01,Comprehensive,Petrol,5,70717,First Owner,Manual,2014-01-01,18.9,1197.0,82.0,3.86
598, Mercedes-Benz S-Class S  L,2014-01-01,Comprehensive,Petrol,5,65000,First Owner,Automatic,2014-01-01,7.895000000000001,3182.0,3629.0,30.5625
599, Honda City i VTEC S,2013-01-01,Comprehensive,Petrol,5,73086,Second Owner,Manual,2013-01-01,17.4,1497.0,1173.0,3.75
600, Tata Nexon XZ Plus BSVI,2020-01-01,Comprehensive,Petrol,5,51690,First Owner,Manual,2020-01-01,17.33,1199.0,11835.0,8.52
601, BMW X sDrived Expedition,2018-01-01,Comprehensive,Diesel,5,49000,First Owner,Automatic,2018-01-01,20.68,1995.0,188.0,19.45
602, Mercedes-Benz E-Class Expression E  BSIV,2019-01-01,Comprehensive,Petrol,5,25000,First Owner,Automatic,2019-01-01,15.0,1991.0,1944.0,30.5625
603, Hyundai Santro Sportz BSIV,2019-01-01,Comprehensive,Petrol,5,23592,First Owner,Manual,2019-01-01,20.3,1086.0,68.0,4.71
604, Honda City i VTEC V,2014-01-01,Comprehensive,Petrol,5,69000,Second Owner,Manual,2014-01-01,17.4,1497.0,1173.0,4.9
605, Hyundai Creta . SX Automatic,2016-01-01,Comprehensive,Petrol,5,70000,First Owner,Automatic,2016-01-01,14.8,1591.0,1213.0,7.95
606, Mercedes-Benz S-Class S Matic,2023-01-01,Comprehensive,Petrol,5,3500,First Owner,Automatic,2023-01-01,30.975,3182.0,500.0,1.78
607, Honda Brio S MT,2015-01-01,Comprehensive,Petrol,5,64155,First Owner,Manual,2015-01-01,19.4,1198.0,868.0,3.18
608, Mercedes-Benz A Class A CDI,2018-01-01,Comprehensive,Diesel,5,38000,First Owner,Automatic,2018-01-01,20.0,2143.0,1073.0,17.49
609, Hyundai Xcent . VTVT E Plus,2017-01-01,Comprehensive,Petrol,5,68018,First Owner,Manual,2017-01-01,20.14,1197.0,8186.0,4.12
610, Toyota Hyryder V AWD BSVI,2022-01-01,Comprehensive,Petrol,5,14000,First Owner,Manual,2022-01-01,19.39,1462.0,10164.0,19.9
611, Honda WR-V i-VTEC VX,2018-01-01,Comprehensive,Petrol,5,29846,First Owner,Manual,2018-01-01,17.5,1199.0,887.0,7.6
612, Tata Tiago XZ,2017-01-01,Comprehensive,Petrol,5,26092,First Owner,Manual,2017-01-01,23.84,1199.0,8383.0,4.5
613, Maruti Swift Dzire LXI .,2019-01-01,Comprehensive,Petrol,5,50823,First Owner,Manual,2019-01-01,30.975,3182.0,113.0,5.5
614, BMW X Xdrivei M Sport,2020-01-01,Third Party insurance,Petrol,5,5200,First Owner,Automatic,2020-01-01,10.31,2998.0,21476.25,30.5625
615, Mahindra Marazzo M,2019-01-01,Comprehensive,Diesel,7,36050,First Owner,Manual,2018-01-01,17.3,1497.0,121.0,8.99
616, Honda City i-VTEC CVT VX,2017-01-01,Comprehensive,Petrol,5,90932,First Owner,Automatic,2017-01-01,18.0,1497.0,1176.0,7.86
617, Tata Harrier XZA Plus (O) AT BSVI,2021-01-01,Comprehensive,Diesel,5,53000,First Owner,Automatic,2021-01-01,14.6,1956.0,16767.0,20.0
618, Mercedes-Benz C-Class Progressive C d,2021-01-01,Zero Dep,Diesel,5,11848,Second Owner,Automatic,2020-01-01,12.6,1950.0,194.0,30.5625
619, Honda Mobilio V i-VTEC,2014-01-01,Comprehensive,Petrol,7,73580,First Owner,Manual,2014-01-01,17.3,1497.0,1173.0,4.66
620, Jeep Compass . Limited,2019-01-01,Comprehensive,Petrol,5,22600,First Owner,Automatic,2019-01-01,16.0,1368.0,160.0,14.9
621, Audi A  TDI Technology,2019-01-01,Comprehensive,Diesel,5,36000,First Owner,Automatic,2019-01-01,18.25,1968.0,18774.0,27.5
622, Tata Altroz XE Diesel,2021-01-01,Comprehensive,Diesel,5,44275,First Owner,Manual,2021-01-01,30.975,3182.0,200.0,6.2
623, Hyundai i Magna Plus,2020-01-01,Comprehensive,Petrol,5,52000,First Owner,Manual,2020-01-01,18.6,1197.0,8186.0,6.25
624, BMW X sDrived Expedition,2017-01-01,Third Party insurance,Diesel,5,30000,First Owner,Power Steering,2017-01-01,30.975,188.0,400.0,18.2
625, Tata Safari XZA Plus AT,2021-01-01,Comprehensive,Diesel,7,26000,Second Owner,Automatic,2021-01-01,14.08,1956.0,16767.0,20.0
626, Maruti Ciaz . Delta,2018-01-01,Comprehensive,Petrol,5,45239,First Owner,Manual,2018-01-01,20.73,1373.0,911.0,6.33
627, Mercedes-Benz GLA Class ,2017-01-01,Comprehensive,Petrol,5,51000,Second Owner,Automatic,2017-01-01,13.7,1991.0,183.0,21.0
628, Maruti Vitara Brezza ZDi Plus AMT,2019-01-01,Comprehensive,Diesel,5,102973,First Owner,Automatic,2019-01-01,24.3,1248.0,885.0,7.99
629, Audi A  TDI,2016-01-01,Comprehensive,Diesel,5,87000,Second Owner,Automatic,2016-01-01,18.53,1968.0,18774.0,19.0
630, Maruti Swift Dzire ZXI,2014-01-01,Third Party insurance,Petrol,5,40000,Second Owner,Manual,2014-01-01,19.1,1197.0,858.0,3.7
631, Hyundai Grand i Sportz,2015-01-01,Comprehensive,Petrol,5,63952,Second Owner,Manual,2014-01-01,18.9,1197.0,82.0,3.55
632, Mahindra XUV W AT BSIV,2018-01-01,Comprehensive,Diesel,7,58000,Second Owner,Automatic,2018-01-01,15.1,2179.0,15287.0,12.0
633, Audi Q Standard,2023-01-01,Comprehensive,Petrol,5,7000,First Owner,Automatic,2023-01-01,9.8,2995.0,340.0,1.12
634, Tata Nexon . Revotron XZA Plus DualTone,2019-01-01,Comprehensive,Petrol,5,46310,First Owner,Automatic,2019-01-01,17.0,1198.0,1085.0,8.74
635, MG Hector Plus Sharp DCT,2020-01-01,Comprehensive,Petrol,6,42000,First Owner,Automatic,2020-01-01,11.67,1451.0,141.0,16.0
636, Honda City i VTEC VX Option,2015-01-01,Comprehensive,Petrol,5,94498,First Owner,Manual,2015-01-01,17.8,1497.0,1173.0,5.81
637, Volvo XC B Ultimate,2022-01-01,Comprehensive,Petrol,5,9300,First Owner,Automatic,2022-01-01,11.2,1969.0,250.0,30.5625
638, BMW X xDrive d xLine,2019-01-01,Comprehensive,Diesel,5,37000,First Owner,Automatic,2019-01-01,13.38,2993.0,21476.25,30.5625
639, Honda WR-V i-DTEC V,2019-01-01,Comprehensive,Diesel,5,130000,First Owner,Manual,2019-01-01,25.5,1498.0,986.0,5.52
640, Maruti Swift Dzire VXI Optional,2017-01-01,Comprehensive,Petrol,5,48000,First Owner,Manual,2017-01-01,20.85,1197.0,8314.0,5.1
641, Land Rover Range Rover Velar R-Dynamic S Petrol,2021-01-01,Comprehensive,Petrol,5,19000,Second Owner,Automatic,2021-01-01,15.8,1997.0,21476.25,30.5625
642, Hyundai i Sportz .,2016-01-01,Comprehensive,Petrol,5,114658,First Owner,Manual,2016-01-01,18.6,1197.0,8183.0,5.21
643, Audi A . TDI Premium Plus,2015-01-01,Comprehensive,Diesel,5,71000,First Owner,Automatic,2015-01-01,17.11,1968.0,17433.0,12.65
644, Maruti Swift LXI BSVI,2022-01-01,Comprehensive,Petrol,5,8000,First Owner,Manual,2022-01-01,30.975,3182.0,113.0,5.95
665, BMW X xDrive d Luxury Line,2018-01-01,Comprehensive,Diesel,5,28000,First Owner,Automatic,2018-01-01,16.55,1995.0,1877.0,30.5625
666, Honda WR-V i-VTEC VX,2019-01-01,Comprehensive,Petrol,5,38616,First Owner,Manual,2019-01-01,17.5,1199.0,887.0,7.41
667, Skoda Octavia . TSI AT L K,2019-01-01,Comprehensive,Petrol,5,30000,First Owner,Automatic,2019-01-01,15.1,1798.0,178.0,21.5
668, Hyundai i Asta Option .,2018-01-01,Comprehensive,Petrol,5,33093,First Owner,Manual,2018-01-01,18.6,1197.0,8183.0,6.81
669, BMW X sDrive D xLine,2019-01-01,Comprehensive,Diesel,5,33000,First Owner,Automatic,2019-01-01,17.05,1995.0,184.0,29.0
670, Toyota Innova Crysta . GX AT BSIV,2019-01-01,Comprehensive,Diesel,7,57000,First Owner,Automatic,2019-01-01,11.36,2755.0,1715.0,17.5
671, Renault Duster PS Diesel RxS,2018-01-01,Comprehensive,Diesel,5,75206,First Owner,Manual,2018-01-01,19.87,1461.0,838.0,6.49
672, Jeep Compass . Limited Option,2019-01-01,Third Party insurance,Petrol,5,40000,Second Owner,Automatic,2019-01-01,16.0,1368.0,160.0,15.0
673, Mercedes-Benz CLA  CDI Sport,2016-01-01,Third Party insurance,Diesel,5,42000,Second Owner,Automatic,2016-01-01,17.9,2143.0,136.0,17.6
674, Hyundai Grand i Sportz,2017-01-01,Comprehensive,Petrol,5,96241,First Owner,Manual,2016-01-01,18.9,1197.0,82.0,3.77
675, Maruti Ertiga ZXI CNG,2022-01-01,Comprehensive,CNG,7,34214,First Owner,Manual,2022-01-01,26.11,1462.0,8663.0,12.75
676, Maruti Ciaz ZXi,2015-01-01,Comprehensive,Petrol,5,55818,First Owner,Manual,2015-01-01,20.73,1373.0,911.0,6.61
677, Land Rover Range Rover Velar R-Dynamic S Petrol,2020-01-01,Comprehensive,Petrol,5,80000,First Owner,Automatic,2020-01-01,15.8,1997.0,21476.25,30.5625
678, Maruti Wagon R LXI CNG,2018-01-01,Third Party insurance,CNG,5,40000,First Owner,Manual,2018-01-01,26.6,998.0,5816.0,4.0
679, Maruti Wagon R VXi BSII,2015-01-01,Comprehensive,Petrol,5,70516,First Owner,Manual,2015-01-01,30.975,671.0,90.0,3.11
680, Maruti Wagon R ZXI AMT .,2020-01-01,Comprehensive,Petrol,5,48000,First Owner,Automatic,2020-01-01,20.52,1197.0,8180.0,5.75
681, BMW  Series d Luxury Line,2015-01-01,Third Party insurance,Diesel,5,94000,First Owner,Automatic,2015-01-01,20.37,1995.0,18774.0,16.9
682, Hyundai Creta . Gamma SX Plus,2016-01-01,Comprehensive,Petrol,5,80627,First Owner,Manual,2016-01-01,15.29,1591.0,1213.0,8.16
683, Skoda Rapid . MPI AT Elegance Plus Black Package,2015-01-01,Comprehensive,Petrol,5,49000,First Owner,Automatic,2015-01-01,14.3,1598.0,10352.0,5.25
685, Lexus RX hL,2020-01-01,Comprehensive,Petrol,5,19000,First Owner,Automatic,2020-01-01,18.8,3182.0,21476.25,30.5625
686, Honda WR-V i-VTEC VX,2017-01-01,Comprehensive,Petrol,5,53311,First Owner,Manual,2017-01-01,17.5,1199.0,887.0,6.75
687, Hyundai i Magna Plus BSIV,2018-01-01,Comprehensive,Petrol,5,70000,First Owner,Manual,2018-01-01,18.6,1197.0,8186.0,5.85
688, Hyundai i Magna .,2016-01-01,Comprehensive,Petrol,5,108836,First Owner,Manual,2016-01-01,18.6,1197.0,8183.0,4.49
689, BMW X xDrived Edition X,2018-01-01,Comprehensive,Diesel,5,40000,First Owner,Automatic,2018-01-01,15.97,2993.0,258.0,30.5625
690, Maruti Vitara Brezza ZDi,2017-01-01,Third Party insurance,Diesel,5,120000,First Owner,Manual,2017-01-01,24.3,1248.0,885.0,6.0
691, Maruti Ciaz AT ZXi,2016-01-01,Comprehensive,Petrol,5,44525,First Owner,Automatic,2016-01-01,19.12,1373.0,911.0,6.93
692, BMW X sDrived Expedition,2017-01-01,Third Party insurance,Diesel,5,31500,First Owner,Power Steering,2017-01-01,30.975,188.0,400.0,19.5
693, BMW X xDrive d Design Pure Experience  Seater,2015-01-01,Comprehensive,Diesel,5,80000,First Owner,Automatic,2015-01-01,15.97,2993.0,258.0,26.5
694, Honda WR-V i-VTEC VX,2018-01-01,Comprehensive,Petrol,5,64862,First Owner,Manual,2018-01-01,17.5,1199.0,887.0,6.07
695, Honda City V MT,2012-01-01,Third Party insurance,Petrol,5,100000,Second Owner,Manual,2012-01-01,16.8,1497.0,1163.0,2.95
696, Maruti Baleno . Alpha,2016-01-01,Comprehensive,Petrol,5,63839,First Owner,Manual,2016-01-01,21.4,1197.0,831.0,5.59
697, Mercedes-Benz AMG GLC  MATIC Coupe,2022-01-01,Comprehensive,Petrol,5,14000,First Owner,Automatic,2022-01-01,30.975,3182.0,520.0,30.5625
698, Hyundai Grand i Asta,2014-01-01,Third Party insurance,Petrol,5,50000,First Owner,Manual,2014-01-01,18.9,1197.0,82.0,3.75
699, Mahindra XUV W Diesel BSIV,2019-01-01,Comprehensive,Diesel,5,113820,First Owner,Manual,2019-01-01,20.0,1497.0,115.0,7.89
700, Maruti Ciaz ZDi Plus SHVS,2017-01-01,Third Party insurance,Diesel,5,110000,First Owner,Manual,2017-01-01,28.09,1248.0,885.0,5.0
701, Hyundai Creta . E Plus,2018-01-01,Third Party insurance,Petrol,5,31000,First Owner,Manual,2018-01-01,15.8,1591.0,1213.0,8.65
702, Maruti Swift Dzire AMT ZDI,2018-01-01,Comprehensive,Diesel,5,97610,First Owner,Automatic,2018-01-01,28.4,1248.0,7402.0,5.64
703, Nissan Sunny XV CVT,2019-01-01,Comprehensive,Petrol,5,44000,First Owner,Automatic,2019-01-01,17.5,1498.0,996.0,6.25
704, Mercedes-Benz C-Class Prime C d,2020-01-01,Third Party insurance,Diesel,5,34496,First Owner,Automatic,2019-01-01,12.6,1950.0,194.0,30.5625
705, Mercedes-Benz GLS d MATIC BSVI,2023-01-01,Third Party insurance,Diesel,7,16000,First Owner,Automatic,2023-01-01,30.975,3182.0,700.0,1.32
706, Maruti Baleno . Alpha,2016-01-01,Comprehensive,Petrol,5,75163,First Owner,Manual,2016-01-01,21.4,1197.0,831.0,5.14
707, Maruti Ciaz Alpha BSVI,2022-01-01,Third Party insurance,Petrol,5,6900,First Owner,Manual,2022-01-01,20.65,1462.0,10325.0,10.25
708, Honda Amaze S i-Vtech,2015-01-01,Comprehensive,Petrol,5,89961,Second Owner,Manual,2015-01-01,18.0,1198.0,867.0,3.74
709, BMW  Series Gran Limousine Ld Luxury Line,2022-01-01,Comprehensive,Diesel,5,4000,First Owner,Automatic,2022-01-01,19.62,1995.0,18740.0,30.5625
710, Tata Harrier XZA Plus AT,2021-01-01,Comprehensive,Diesel,5,54000,First Owner,Automatic,2021-01-01,14.6,1956.0,16767.0,17.5
711, Maruti Swift AMT ZXI Plus,2019-01-01,Comprehensive,Petrol,5,58740,Second Owner,Automatic,2019-01-01,21.21,1197.0,8180.0,5.99
712, Toyota Innova Crysta . GX AT BSIV,2019-01-01,Third Party insurance,Diesel,7,100000,First Owner,Automatic,2019-01-01,11.36,2755.0,1715.0,15.5
713, Land Rover Range Rover Velar R-Dynamic S Petrol,2022-01-01,Comprehensive,Petrol,5,18700,First Owner,Automatic,2020-01-01,15.8,1997.0,21476.25,30.5625
714, Honda Amaze S i-VTEC,2017-01-01,Comprehensive,Petrol,5,83690,First Owner,Manual,2017-01-01,17.8,1198.0,867.0,4.54
715, Mercedes-Benz E-Class Expression E  BSIV,2018-01-01,Third Party insurance,Petrol,5,11000,First Owner,Automatic,2018-01-01,15.0,1991.0,1944.0,30.5625
716, Toyota Etios Liva G,2012-01-01,Comprehensive,Petrol,5,50900,First Owner,Manual,2012-01-01,17.71,1197.0,789.0,2.95
717, Mercedes-Benz E-Class Exclusive E d,2021-01-01,Comprehensive,Diesel,5,25000,First Owner,Automatic,2021-01-01,16.1,1950.0,19176.0,30.5625
718, Hyundai Grand i Asta Option,2015-01-01,Comprehensive,Petrol,5,78651,First Owner,Manual,2015-01-01,18.9,1197.0,82.0,3.79
719, Maruti Ciaz Zeta BSIV,2019-01-01,Comprehensive,Petrol,5,50000,First Owner,Manual,2019-01-01,21.56,1462.0,10325.0,7.5
720, Volkswagen Virtus Highline BSVI,2023-01-01,Comprehensive,Petrol,5,9818,First Owner,Manual,2023-01-01,19.4,999.0,11398.0,13.9
721, Maruti SX S Cross Zeta DDiS  SH,2019-01-01,Comprehensive,Diesel,5,49230,First Owner,Manual,2019-01-01,25.1,1248.0,885.0,8.7
722, Hyundai Verna VTVT . AT EX,2018-01-01,Comprehensive,Petrol,5,65000,First Owner,Automatic,2018-01-01,17.0,1591.0,1213.0,8.85
723, BMW X sDrive d xLine,2017-01-01,Comprehensive,Diesel,5,69000,First Owner,Automatic,2017-01-01,20.68,1995.0,188.0,19.9
743, Jeep Compass . Sport,2018-01-01,Third Party insurance,Diesel,5,67000,First Owner,Manual,2018-01-01,17.1,1956.0,170.0,10.9
744, Ford Ecosport . Petrol Titanium BSIV,2018-01-01,Comprehensive,Petrol,5,76685,First Owner,Manual,2018-01-01,17.0,1497.0,12131.0,6.95
746, Nissan Kicks XV Premium D BSIV,2020-01-01,Comprehensive,Diesel,5,101954,First Owner,Manual,2019-01-01,20.45,1461.0,1085.0,6.68
747, Ford Endeavour . Titanium AT X,2017-01-01,Comprehensive,Diesel,7,42000,Second Owner,Automatic,2017-01-01,10.91,3182.0,197.0,24.5
749, Hyundai Grand i Asta Option AT,2016-01-01,Comprehensive,Petrol,5,68897,First Owner,Automatic,2016-01-01,18.9,1197.0,82.0,5.0
751, BMW  Series GT i M Sport,2021-01-01,Third Party insurance,Petrol,4,26000,First Owner,Automatic,2021-01-01,13.32,1998.0,21476.25,30.5625
752, Maruti SX S Cross DDiS  Zeta,2017-01-01,Comprehensive,Diesel,5,105568,Second Owner,Manual,2017-01-01,23.65,1248.0,885.0,4.63
753, Ford Endeavour . Trend AT X,2018-01-01,Third Party insurance,Diesel,7,54000,First Owner,Automatic,2018-01-01,12.62,2198.0,158.0,24.0
754, Hyundai Venue SX Plus Turbo DCT,2019-01-01,Comprehensive,Petrol,5,61383,First Owner,Automatic,2019-01-01,18.15,998.0,11835.0,9.63
755, Mercedes-Benz C-Class C  CDI Avantgarde,2015-01-01,Comprehensive,Diesel,5,75000,Second Owner,Automatic,2015-01-01,19.27,2143.0,170.0,18.5
757, Honda Amaze VX AT i-Vtech,2013-01-01,Comprehensive,Petrol,5,77130,Second Owner,Automatic,2013-01-01,15.5,1198.0,867.0,4.0
758, Volvo XC D R-Design,2018-01-01,Zero Dep,Diesel,5,56426,First Owner,Automatic,2018-01-01,18.0,1969.0,190.0,29.9
759, Audi Q  TDI Quattro Premium Plus,2016-01-01,Third Party insurance,Diesel,7,75000,Second Owner,Automatic,2016-01-01,14.75,2967.0,245.0,30.5625
760, Maruti Ciaz . Delta,2017-01-01,Comprehensive,Petrol,5,69018,First Owner,Manual,2017-01-01,20.73,1373.0,911.0,5.75
761, Hyundai Creta . CRDi SX Option,2018-01-01,Comprehensive,Diesel,5,57000,First Owner,Manual,2018-01-01,19.67,1582.0,1262.0,10.75
783, MG Hector Sharp CVT,2021-01-01,Comprehensive,Petrol,5,29000,First Owner,Automatic,2021-01-01,30.975,141.0,250.0,16.5
784, Hyundai Venue SX Plus Turbo DCT,2019-01-01,Comprehensive,Petrol,5,65710,Second Owner,Automatic,2019-01-01,18.15,998.0,11835.0,8.66
785, Maruti Vitara Brezza ZDi,2019-01-01,Comprehensive,Diesel,5,51763,First Owner,Manual,2019-01-01,24.3,1248.0,885.0,8.0
786, Maruti SX S Cross Alpha,2022-01-01,Comprehensive,Petrol,5,19133,First Owner,Manual,2021-01-01,18.55,1462.0,10325.0,9.74
787, Hyundai Tucson . Dual VTVT WD AT GLS,2018-01-01,Third Party insurance,Petrol,5,22000,First Owner,Automatic,2018-01-01,12.95,1999.0,15288.0,19.25
788, Toyota Fortuner x AT,2016-01-01,Third Party insurance,Diesel,7,130000,First Owner,Automatic,2016-01-01,12.55,2982.0,1685.0,18.0
789, Maruti Ciaz ZXi,2016-01-01,Comprehensive,Petrol,5,42733,First Owner,Manual,2015-01-01,20.73,1373.0,911.0,6.82
790, Audi A  TFSI Technology,2017-01-01,Third Party insurance,Petrol,5,30300,Second Owner,Automatic,2017-01-01,17.84,1395.0,14751.0,24.8
791, Mercedes-Benz AMG A  MATIC BSVI,2022-01-01,Comprehensive,Petrol,5,14000,First Owner,Automatic,2022-01-01,30.975,3182.0,400.0,30.5625
792, Renault Duster PS Diesel RxS,2019-01-01,Comprehensive,Diesel,5,59215,Second Owner,Manual,2019-01-01,19.87,1461.0,838.0,7.8
793, Mercedes-Benz S-Class S ,2018-01-01,Third Party insurance,Petrol,5,22000,First Owner,Automatic,2018-01-01,7.895000000000001,2996.0,21476.25,30.5625
794, Hyundai Creta . SX Automatic,2019-01-01,Comprehensive,Petrol,5,91724,First Owner,Automatic,2019-01-01,14.8,1591.0,1213.0,10.76
795, Toyota Fortuner . WD AT BSIV,2017-01-01,Comprehensive,Diesel,7,52000,Second Owner,Automatic,2017-01-01,12.9,2755.0,1745.0,25.5
796, Lexus RX hL,2020-01-01,Comprehensive,Petrol,5,19900,First Owner,Automatic,2020-01-01,18.8,3182.0,21476.25,30.5625
797, Maruti Wagon R VXi BSII,2015-01-01,Comprehensive,Petrol,5,72503,First Owner,Manual,2015-01-01,30.975,671.0,90.0,3.21
799, Mercedes-Benz GLC Coupe d MATIC BSVI,2020-01-01,Comprehensive,Diesel,5,38000,First Owner,Automatic,2020-01-01,16.34,1950.0,21476.25,30.5625
800, Maruti Ciaz . Alpha,2018-01-01,Comprehensive,Diesel,5,67633,First Owner,Manual,2017-01-01,28.09,1248.0,885.0,6.61
801, BMW  Series GT d Luxury Line,2019-01-01,Comprehensive,Diesel,4,45000,Second Owner,Automatic,2019-01-01,17.09,2993.0,2614.0,30.5625
802, Honda Amaze S i-Vtech,2015-01-01,Comprehensive,Petrol,5,61000,First Owner,Manual,2015-01-01,18.0,1198.0,867.0,4.6
823, Mercedes-Benz C-Class C  CDI Avantgarde,2017-01-01,Comprehensive,Diesel,5,30000,First Owner,Automatic,2017-01-01,19.27,2143.0,170.0,27.5
824, Ford Ecosport . Ti VCT AT Titanium BSIV,2017-01-01,Comprehensive,Petrol,5,103030,First Owner,Automatic,2017-01-01,15.63,1499.0,1104.0,6.82
825, Maruti XL Alpha,2019-01-01,Third Party insurance,Petrol,6,19123,First Owner,Manual,2019-01-01,19.01,1462.0,1032.0,10.25
826, Mahindra XUV W BSIV,2019-01-01,Comprehensive,Diesel,7,70767,First Owner,Manual,2019-01-01,15.1,2179.0,15287.0,11.6
827, Mercedes-Benz E-Class Expression E  BSIV,2019-01-01,Zero Dep,Petrol,5,25000,First Owner,Automatic,2019-01-01,15.0,1991.0,1944.0,30.5625
828, Hyundai Creta . VTVT E Plus,2017-01-01,Third Party insurance,Petrol,5,58525,First Owner,Manual,2017-01-01,15.29,1591.0,1213.0,8.5
829, Maruti Baleno . Alpha,2017-01-01,Comprehensive,Petrol,5,77353,First Owner,Manual,2016-01-01,21.4,1197.0,831.0,5.2
830, Maruti Baleno . Zeta,2018-01-01,Comprehensive,Petrol,5,59200,First Owner,Manual,2018-01-01,21.4,1197.0,831.0,6.25
831, Mercedes-Benz GLE d,2022-01-01,Comprehensive,Diesel,5,25000,Second Owner,Automatic,2022-01-01,30.975,3182.0,500.0,30.5625
832, Maruti SX S Cross Zeta DDiS  SH,2018-01-01,Comprehensive,Diesel,5,99230,First Owner,Manual,2018-01-01,25.1,1248.0,885.0,6.55
833, Hyundai i . Magna Executive,2017-01-01,Comprehensive,Petrol,5,80000,First Owner,Manual,2017-01-01,18.6,1197.0,8183.0,5.25
834, Maruti Ciaz . Delta,2018-01-01,Comprehensive,Petrol,5,50840,First Owner,Manual,2018-01-01,20.73,1373.0,911.0,6.72
835, Mercedes-Benz C-Class C ,2023-01-01,Comprehensive,Petrol,5,1000,First Owner,Automatic,2023-01-01,16.9,1496.0,20115.0,30.5625
836, Honda City V AT,2012-01-01,Third Party insurance,Petrol,5,130000,First Owner,Automatic,2012-01-01,15.6,1497.0,1163.0,4.5
837, Maruti Baleno . Zeta,2017-01-01,Comprehensive,Petrol,5,111142,First Owner,Manual,2017-01-01,21.4,1197.0,831.0,5.01
838, Mercedes-Benz C-Class  K AT,2014-01-01,Comprehensive,Petrol,5,130000,First Owner,Automatic,2014-01-01,11.7,1796.0,178.0,8.5
839, Toyota Fortuner X Diesel AT,2021-01-01,Comprehensive,Diesel,7,23000,First Owner,Automatic,2021-01-01,30.975,3182.0,500.0,30.5625
840, Maruti SX S Cross Zeta DDiS  SH,2018-01-01,Comprehensive,Diesel,5,120802,First Owner,Manual,2018-01-01,25.1,1248.0,885.0,5.97
841, Tata Safari XZA Plus (O) Adventure Edition AT BSVI,2021-01-01,Comprehensive,Diesel,7,41000,Second Owner,Automatic,2021-01-01,14.08,1956.0,16767.0,20.0
842, Toyota Camry Hybrid,2015-01-01,Third Party insurance,Petrol,5,50000,Second Owner,Automatic,2015-01-01,19.16,2494.0,1577.0,12.5
863, Mercedes-Benz S-Class S  d,2023-01-01,Comprehensive,Diesel,5,7900,First Owner,Automatic,2021-01-01,13.5,2925.0,21476.25,1.5
864, Maruti Ciaz Alpha AT BSVI,2019-01-01,Comprehensive,Petrol,5,42334,First Owner,Automatic,2019-01-01,20.04,1462.0,10325.0,8.29
865, Honda City V AT,2012-01-01,Third Party insurance,Petrol,5,130000,First Owner,Automatic,2012-01-01,15.6,1497.0,1163.0,4.25
866, Maruti Swift Dzire VXI,2015-01-01,Comprehensive,Petrol,5,98275,First Owner,Manual,2015-01-01,20.85,1197.0,8314.0,3.97
867, Land Rover Range Rover . Diesel LWB Vogue,2019-01-01,Third Party insurance,Diesel,5,57500,Second Owner,Automatic,2019-01-01,13.33,2995.0,21476.25,1.8
868, Honda WR-V i-VTEC VX,2018-01-01,Third Party insurance,Petrol,5,65000,First Owner,Manual,2018-01-01,17.5,1199.0,887.0,6.85
869, Hyundai Verna VTVT . SX,2018-01-01,Comprehensive,Petrol,5,52235,Second Owner,Manual,2018-01-01,17.0,1591.0,1213.0,7.45
870, Honda City i VTEC V,2015-01-01,Comprehensive,Petrol,5,50158,First Owner,Manual,2015-01-01,17.4,1497.0,1173.0,6.95
871, Mercedes-Benz E-Class Exclusive E d,2020-01-01,Comprehensive,Diesel,5,34000,Second Owner,Automatic,2020-01-01,16.1,1950.0,1917.0,30.5625
872, Nissan Sunny XV CVT,2017-01-01,Comprehensive,Petrol,5,69820,First Owner,Automatic,2017-01-01,17.5,1498.0,996.0,5.44
873, Toyota Innova Crysta . ZX AT BSIV,2019-01-01,Comprehensive,Diesel,7,71000,First Owner,Automatic,2019-01-01,11.36,2755.0,1715.0,20.5
874, Maruti Ignis . AMT Alpha BSIV,2018-01-01,Comprehensive,Petrol,5,82415,First Owner,Automatic,2018-01-01,20.89,1197.0,8180.0,5.34
875, Mercedes-Benz GLS d MATIC,2017-01-01,Third Party insurance,Diesel,7,70000,Second Owner,Automatic,2017-01-01,11.0,2987.0,258.0,30.5625
877, Renault Duster PS Diesel RxZ AMT,2018-01-01,Comprehensive,Diesel,5,71070,First Owner,Automatic,2018-01-01,19.6,1461.0,10845.0,7.22
878, Mercedes-Benz B Class B Sport,2016-01-01,Third Party insurance,Petrol,5,83000,First Owner,Automatic,2016-01-01,14.8,1595.0,12069.0,12.65
879, Hyundai Venue SX Turbo,2020-01-01,Comprehensive,Petrol,5,107834,First Owner,Manual,2020-01-01,18.27,998.0,11835.0,7.99
880, Maruti Baleno Alpha,2018-01-01,Comprehensive,Petrol,5,55000,First Owner,Manual,2018-01-01,21.01,1197.0,8180.0,6.75
881, Mercedes-Benz GLE  MATIC,2017-01-01,Comprehensive,Petrol,5,55000,First Owner,Automatic,2017-01-01,9.7,2996.0,21476.25,30.5625
901, Volvo XC D Inscription,2020-01-01,Comprehensive,Diesel,5,25000,Second Owner,Automatic,2020-01-01,11.2,2400.0,215.0,30.5625
902, Maruti Ritz VXi,2015-01-01,Comprehensive,Petrol,5,48539,Second Owner,Manual,2014-01-01,30.975,3182.0,114.0,3.21
903, Honda City V MT,2015-01-01,Comprehensive,Petrol,5,65000,First Owner,Manual,2015-01-01,16.8,1497.0,1163.0,6.25
904, Hyundai Grand i Sportz,2014-01-01,Comprehensive,Petrol,5,86916,Second Owner,Manual,2014-01-01,18.9,1197.0,82.0,3.68
905, Lexus RX h F-Sport,2016-01-01,Comprehensive,Petrol,5,11000,First Owner,Automatic,2016-01-01,18.8,3182.0,259.0,30.5625
906, Tata Nexon . Revotron XZA Plus DualTone,2019-01-01,Comprehensive,Petrol,5,108662,First Owner,Automatic,2019-01-01,17.0,1198.0,1085.0,7.12
907, Honda City V AT,2012-01-01,Third Party insurance,Petrol,5,130000,First Owner,Automatic,2012-01-01,15.6,1497.0,1163.0,4.5
908, BMW M Competition,2019-01-01,Comprehensive,Petrol,4,29000,First Owner,Automatic,2019-01-01,10.63,2979.0,410.0,30.5625
909, Hyundai Grand i . Kappa Asta,2018-01-01,Comprehensive,Petrol,5,63307,First Owner,Manual,2018-01-01,18.9,1197.0,8186.0,5.44
910, Hyundai Tucson . e-VGT WD AT GLS,2018-01-01,Comprehensive,Diesel,5,84000,First Owner,Automatic,2018-01-01,16.38,1995.0,18246.0,15.9
911, Maruti Baleno . Alpha,2016-01-01,Comprehensive,Petrol,5,101927,First Owner,Manual,2016-01-01,21.4,1197.0,831.0,5.14
912, Mini  DOOR John Cooper Works -,2017-01-01,Comprehensive,Petrol,4,31900,Second Owner,Automatic,2017-01-01,16.47,1998.0,231.0,30.5625
913, Mercedes-Benz E-Class E  CGI,2015-01-01,Comprehensive,Petrol,5,76000,First Owner,Automatic,2015-01-01,12.0,1991.0,18103.0,23.9
914, Maruti Ciaz Alpha AT BSVI,2019-01-01,Comprehensive,Petrol,5,40775,Second Owner,Automatic,2019-01-01,20.04,1462.0,10325.0,8.14
915, Mercedes-Benz S-Class S  d,2020-01-01,Third Party insurance,Diesel,5,18346,First Owner,Automatic,2020-01-01,13.5,2925.0,21476.25,30.5625
916, Mercedes-Benz GLS d MATIC BSVI,2021-01-01,Third Party insurance,Diesel,7,46001,First Owner,Automatic,2021-01-01,30.975,3182.0,700.0,1.06
917, Maruti SX S Cross Alpha DDiS  SH,2019-01-01,Comprehensive,Diesel,5,59710,First Owner,Manual,2018-01-01,25.1,1248.0,885.0,7.8
919, Mercedes-Benz M-Class ML  Matic,2015-01-01,Comprehensive,Diesel,5,76000,First Owner,Automatic,2015-01-01,30.975,3182.0,510.0,19.99
939, Audi Q Technology -,2022-01-01,Comprehensive,Petrol,7,8000,First Owner,Automatic,2022-01-01,11.21,2995.0,21476.25,30.5625
940, Honda WR-V i-VTEC VX,2019-01-01,Comprehensive,Petrol,5,67606,First Owner,Manual,2019-01-01,17.5,1199.0,887.0,6.82
941, Audi Q  TDI Quattro Premium Plus,2016-01-01,Third Party insurance,Diesel,5,72135,Second Owner,Automatic,2016-01-01,15.73,1968.0,17433.0,15.75
942, Hyundai i Asta .,2015-01-01,Comprehensive,Petrol,5,96658,First Owner,Manual,2015-01-01,18.6,1197.0,8183.0,5.1
943, Audi A  TFSI Premium Plus,2017-01-01,Zero Dep,Petrol,5,29000,First Owner,Automatic,2017-01-01,17.84,1395.0,14751.0,27.25
944, Audi Q  TDI Quattro Technology,2017-01-01,Comprehensive,Diesel,7,76000,Second Owner,Automatic,2017-01-01,14.75,2967.0,245.0,30.5625
945, Maruti Ciaz . AT Alpha,2017-01-01,Comprehensive,Petrol,5,26750,First Owner,Automatic,2017-01-01,19.12,1373.0,911.0,8.62
946, Mercedes-Benz S-Class S  L,2009-01-01,Not Available,Petrol,5,92762,Fifth Owner,Automatic,2009-01-01,10.13,3182.0,3649.0,8.25
947, Jaguar XF . Diesel Portfolio,2018-01-01,Comprehensive,Diesel,5,14000,First Owner,Automatic,2018-01-01,19.33,1999.0,177.0,30.5625
948, Nissan Micra Active XV S,2018-01-01,Comprehensive,Petrol,5,43293,First Owner,Manual,2018-01-01,19.49,1198.0,6704.0,4.12
949, Honda City . V MT Exclusive,2017-01-01,Comprehensive,Petrol,5,102786,First Owner,Manual,2017-01-01,17.0,1497.0,21476.25,5.95
950, Nissan Micra Active XV S,2015-01-01,Comprehensive,Petrol,5,98751,First Owner,Manual,2015-01-01,19.49,1198.0,6704.0,2.98
951, Jeep Grand Cherokee Summit X,2017-01-01,Comprehensive,Diesel,5,53000,First Owner,Automatic,2017-01-01,12.8,2998.0,2396.0,30.5625
952, BMW  Series d,2017-01-01,Zero Dep,Diesel,5,54776,Second Owner,Automatic,2017-01-01,22.69,1995.0,190.0,18.9
953, Maruti Ciaz . Alpha,2018-01-01,Comprehensive,Diesel,5,59870,First Owner,Manual,2018-01-01,28.09,1248.0,885.0,7.27
954, Hyundai Grand i . Kappa Magna BSIV,2013-01-01,Comprehensive,Petrol,5,50000,Second Owner,Manual,2013-01-01,18.9,1197.0,8186.0,3.95
955, Mercedes-Benz G G d,2021-01-01,Comprehensive,Diesel,5,38000,First Owner,Automatic,2021-01-01,8.13,2925.0,21476.25,2.45
956, Maruti Ritz VXi,2014-01-01,Comprehensive,Petrol,5,80330,First Owner,Manual,2013-01-01,30.975,3182.0,114.0,2.93
957, Honda City V MT,2015-01-01,Third Party insurance,Petrol,5,94000,First Owner,Manual,2015-01-01,16.8,1497.0,1163.0,6.25
958, Land Rover Discovery Sport TD SE,2018-01-01,Zero Dep,Diesel,7,37800,First Owner,Automatic,2018-01-01,12.83,1999.0,14831.0,30.5625
979, Audi Q  TDI Quattro Premium Plus,2019-01-01,Third Party insurance,Diesel,7,25000,First Owner,Automatic,2019-01-01,14.75,2967.0,245.0,30.5625
980, Tata Harrier XZ BSVI,2019-01-01,Comprehensive,Diesel,5,29294,First Owner,Manual,2019-01-01,16.35,1956.0,16767.0,13.65
981, Kia Seltos HTX IVT G,2023-01-01,Comprehensive,Petrol,5,6800,First Owner,Automatic,2023-01-01,16.8,1497.0,11342.0,16.95
982, Ford Figo Titanium BSIV,2021-01-01,Comprehensive,Petrol,5,16847,First Owner,Manual,2020-01-01,20.4,1194.0,9493.0,5.94
983, Mercedes-Benz CLA Urban Sport d,2017-01-01,Comprehensive,Diesel,5,70000,Third Owner,Automatic,2017-01-01,17.9,2143.0,1341.0,17.5
984, Audi Q Technology BSVI,2022-01-01,Third Party insurance,Petrol,5,25500,First Owner,Automatic,2022-01-01,13.47,1984.0,21476.25,30.5625
985, Renault Duster PS Diesel RxZ AMT,2018-01-01,Comprehensive,Diesel,5,65865,First Owner,Automatic,2018-01-01,19.6,1461.0,10845.0,7.99
986, Audi A  TFSI Technology BSVI,2021-01-01,Comprehensive,Petrol,5,1000,First Owner,Automatic,2021-01-01,14.11,1984.0,2413.0,30.5625
987, Volvo XC D Momentum,2018-01-01,Comprehensive,Diesel,5,60000,Second Owner,Automatic,2018-01-01,14.7,1984.0,181.0,30.5625
988, Tata Nexon XZ Plus Diesel S,2021-01-01,Comprehensive,Diesel,5,54000,First Owner,Manual,2020-01-01,21.19,1497.0,10849.0,9.99
989, BMW  Series Mi xDrive,2022-01-01,Comprehensive,Petrol,5,5500,First Owner,Automatic,2022-01-01,13.02,2998.0,21476.25,30.5625
990, Honda Jazz ZX CVT,2021-01-01,Comprehensive,Petrol,5,20866,Second Owner,Automatic,2021-01-01,17.1,1199.0,8850.0,8.14
991, Maruti Baleno Alpha AMT BSVI,2023-01-01,Comprehensive,Petrol,5,5000,First Owner,Automatic,2023-01-01,22.94,1197.0,8850.0,9.85
992, Maruti Swift LXI,2010-01-01,Comprehensive,Petrol,5,130000,First Owner,Manual,2010-01-01,18.6,1197.0,858.0,1.3
993, Mahindra Marazzo M,2018-01-01,Comprehensive,Diesel,7,73937,First Owner,Manual,2018-01-01,17.3,1497.0,121.0,8.99
994, Hyundai Creta . E Plus CRDi,2017-01-01,Comprehensive,Diesel,5,40000,First Owner,Manual,2017-01-01,30.975,887.0,2197.0,7.99
995, Mercedes-Benz GLE d,2020-01-01,Comprehensive,Diesel,5,15000,Second Owner,Automatic,2020-01-01,30.975,3182.0,500.0,30.5625
996, Nissan Micra Active XV S,2018-01-01,Comprehensive,Petrol,5,42014,First Owner,Manual,2018-01-01,19.49,1198.0,6704.0,4.25
997, MG Hector Sharp DCT,2021-01-01,Comprehensive,Petrol,5,34000,First Owner,Automatic,2021-01-01,13.96,1451.0,141.0,16.4
998, Maruti Vitara Brezza ZDi Plus AMT,2018-01-01,Third Party insurance,Diesel,5,73000,First Owner,Automatic,2018-01-01,24.3,1248.0,885.0,7.0
999, Maruti SX S Cross Zeta DDiS  SH,2019-01-01,Comprehensive,Diesel,5,59841,First Owner,Manual,2019-01-01,25.1,1248.0,885.0,8.74
1000, Kia Seltos HTX IVT G,2021-01-01,Zero Dep,Petrol,5,37000,First Owner,Automatic,2021-01-01,16.8,1497.0,11342.0,15.25
1001, Toyota Etios Liva G,2012-01-01,Comprehensive,Petrol,5,81949,First Owner,Manual,2012-01-01,17.71,1197.0,789.0,2.92
1002, Hyundai i Magna,2017-01-01,Comprehensive,Petrol,5,50000,First Owner,Manual,2017-01-01,30.975,789.0,1117.0,4.25
1003, Hyundai EON D Lite Plus,2013-01-01,Third Party insurance,Petrol,5,50000,Second Owner,Manual,2013-01-01,30.975,552.0,745.0,1.75
1004, Honda City ZX CVT,2021-01-01,Comprehensive,Petrol,5,34769,First Owner,Automatic,2020-01-01,18.3,1498.0,11935.0,13.08
1005, Maruti Swift LXI,2015-01-01,Comprehensive,Petrol,5,79656,First Owner,Manual,2015-01-01,30.975,3182.0,113.0,3.1
1006, Mercedes-Benz C-Class Progressive C d,2019-01-01,Third Party insurance,Diesel,5,55000,First Owner,Automatic,2019-01-01,12.6,1950.0,194.0,30.5625
1007, Hyundai i Asta Option .,2017-01-01,Comprehensive,Petrol,5,84310,First Owner,Manual,2016-01-01,18.6,1197.0,8183.0,5.64
1008, Hyundai Grand i . Kappa Sportz BSIV,2018-01-01,Comprehensive,Petrol,5,23000,First Owner,Manual,2018-01-01,18.9,1197.0,8186.0,5.15
1009, Nissan Micra Active XV S,2016-01-01,Comprehensive,Petrol,5,79362,First Owner,Manual,2016-01-01,19.49,1198.0,6704.0,3.42
1010, BMW X M Sport X xDrived,2019-01-01,Comprehensive,Diesel,5,18000,Second Owner,Automatic,2019-01-01,16.55,1995.0,18774.0,30.5625
1011, Maruti Ritz VXi,2013-01-01,Comprehensive,Petrol,5,102511,First Owner,Manual,2013-01-01,30.975,3182.0,114.0,2.49
1012, Maruti Ertiga CNG VXI,2018-01-01,Comprehensive,CNG,7,70000,First Owner,Manual,2018-01-01,26.08,1462.0,9119.0,7.65
1013, Mercedes-Benz GLS d MATIC,2017-01-01,Comprehensive,Diesel,7,80000,Second Owner,Automatic,2017-01-01,11.0,2987.0,258.0,30.5625
1014, Hyundai Grand i Asta,2015-01-01,Comprehensive,Petrol,5,105446,First Owner,Manual,2015-01-01,18.9,1197.0,82.0,3.75
1015, Maruti Baleno . Delta,2015-01-01,Comprehensive,Petrol,5,54000,First Owner,Manual,2015-01-01,21.4,1197.0,831.0,4.25
1016, Hyundai i Era,2013-01-01,Comprehensive,Petrol,5,75865,First Owner,Manual,2013-01-01,30.975,3182.0,9904.0,2.65
1017, Kia Seltos HTK Plus G,2020-01-01,Third Party insurance,Petrol,5,64690,First Owner,Manual,2020-01-01,16.8,1497.0,11343.0,10.0
1018, Hyundai Venue SX BSVI,2022-01-01,Third Party insurance,Petrol,5,5103,First Owner,Manual,2022-01-01,30.975,3182.0,1138.0,10.85
1019, Tata Nano CNG XM,2015-01-01,Third Party insurance,CNG,4,52000,Second Owner,Manual,2015-01-01,30.975,3182.0,51.0,1.5
1020, Mahindra KUV  mFALCON G K,2018-01-01,Comprehensive,Petrol,6,18706,First Owner,Manual,2018-01-01,30.975,82.0,115.0,4.24
1021, Hyundai Xcent . Kappa S,2017-01-01,Third Party insurance,Petrol,5,43687,First Owner,Manual,2016-01-01,19.1,1197.0,82.0,5.2
1022, Hyundai Venue SX Plus Turbo DCT BSIV,2019-01-01,Third Party insurance,Petrol,5,51000,First Owner,Automatic,2019-01-01,18.15,998.0,11835.0,9.75
1023, Honda City V MT,2012-01-01,Third Party insurance,Petrol,5,60758,Second Owner,Manual,2012-01-01,16.8,1497.0,1163.0,4.4
1024, Hyundai Venue SX Opt Diesel BSIV,2022-01-01,Third Party insurance,Diesel,5,42000,First Owner,Manual,2020-01-01,23.7,1396.0,887.0,10.5
1025, Maruti Vitara Brezza ZDi Plus Dual Tone,2016-01-01,Third Party insurance,Diesel,5,42261,First Owner,Manual,2016-01-01,24.3,1248.0,885.0,8.85
1026, Hyundai Grand i Magna,2015-01-01,Comprehensive,Petrol,5,75499,First Owner,Manual,2015-01-01,30.975,82.0,114.0,4.56
1027, Hyundai Elantra CRDi Base,2013-01-01,Third Party insurance,Diesel,5,120000,Third Owner,Manual,2013-01-01,22.7,1582.0,12624.0,3.99
1028, Hyundai Grand i Magna,2015-01-01,Third Party insurance,Petrol,5,87109,Second Owner,Manual,2015-01-01,30.975,82.0,114.0,4.59
1029, Mahindra TUV  T,2019-01-01,Comprehensive,Diesel,7,69000,First Owner,Manual,2019-01-01,18.49,1493.0,100.0,8.5
1030, Volkswagen Ameo . TDI Highline AT,2017-01-01,Comprehensive,Diesel,5,109000,First Owner,Automatic,2017-01-01,22.0,1498.0,21476.25,6.25
1031, Hyundai Elantra . SX Option AT,2018-01-01,Comprehensive,Diesel,5,90001,First Owner,Automatic,2018-01-01,18.23,1582.0,1262.0,10.75
1032, Skoda Kushaq . TSI Style DSG,2022-01-01,Third Party insurance,Petrol,5,13000,First Owner,Automatic,2022-01-01,18.89,1498.0,14751.0,16.5
1033, Volkswagen Polo Diesel Comfortline .L,2011-01-01,Comprehensive,Diesel,5,60000,Second Owner,Manual,2011-01-01,22.07,1199.0,739.0,2.4
1034, Hyundai Accent GLE,2010-01-01,Comprehensive,Petrol,5,75000,First Owner,Manual,2010-01-01,30.975,94.0,125.0,1.9
1035, Maruti XL Alpha AT,2019-01-01,Comprehensive,Petrol,6,76000,First Owner,Automatic,2019-01-01,17.99,1462.0,1032.0,9.25
1036, Maruti Ertiga VDI,2014-01-01,Third Party insurance,Diesel,7,82000,First Owner,Manual,2014-01-01,20.77,1248.0,8876.0,6.5
1040, Hyundai EON Era Plus,2016-01-01,Third Party insurance,Petrol,5,47057,First Owner,Manual,2016-01-01,30.975,552.0,745.0,3.17
1041, Hyundai Verna VTVT . SX,2019-01-01,Zero Dep,Petrol,5,123715,First Owner,Manual,2019-01-01,17.0,1591.0,1213.0,7.7
1042, Tata Tigor . Revotron XZ,2018-01-01,Third Party insurance,Petrol,5,60000,First Owner,Power Steering,2018-01-01,30.975,84.0,114.0,4.75
1043, Tata Tiago XT BSVI,2021-01-01,Third Party insurance,Petrol,5,36522,First Owner,Manual,2021-01-01,19.01,1199.0,8482.0,5.44
1044, Volkswagen Vento . Highline,2016-01-01,Third Party insurance,Petrol,5,63000,First Owner,Manual,2016-01-01,16.09,1598.0,1032.0,5.8
1045, Volkswagen Polo . MPI Comfortline,2018-01-01,Comprehensive,Petrol,5,23285,First Owner,Manual,2018-01-01,17.74,999.0,7510.0,5.73
1046, Hyundai Grand i Nios Sportz,2021-01-01,Zero Dep,Petrol,5,14596,Second Owner,Manual,2021-01-01,20.7,1197.0,8186.0,6.41
1047, Mercedes-Benz C-Class  CDI AT,2013-01-01,Comprehensive,Diesel,5,48401,First Owner,Automatic,2013-01-01,14.84,2143.0,170.0,12.0
1048, Maruti Baleno Zeta,2021-01-01,Zero Dep,Petrol,5,34377,First Owner,Manual,2021-01-01,21.01,1197.0,8180.0,7.57
1049, Mercedes-Benz M-Class ML  CDI,2011-01-01,Third Party insurance,Diesel,5,127000,Third Owner,Automatic,2011-01-01,11.74,2987.0,2548.0,11.0
1050, Mercedes-Benz E-Class Exclusive E  d BSIV,2018-01-01,Comprehensive,Diesel,5,70000,First Owner,Automatic,2018-01-01,16.1,1950.0,1917.0,30.5625
1051, BMW X xDrived,2012-01-01,Third Party insurance,Diesel,5,90000,Second Owner,Automatic,2012-01-01,16.09,1995.0,184.0,12.0
1052, Ford Ecosport . Diesel Titanium Plus,2017-01-01,Comprehensive,Diesel,5,65000,First Owner,Manual,2017-01-01,21.7,1498.0,9896.0,7.25
1053, Jeep Compass . Limited Plus,2020-01-01,Comprehensive,Diesel,5,80000,First Owner,Manual,2020-01-01,17.1,1956.0,17063.0,16.5
1054, Honda Mobilio S i-DTEC,2014-01-01,Comprehensive,Diesel,7,89000,First Owner,Manual,2014-01-01,24.2,1498.0,986.0,5.5
1055, Ford Ecosport . Diesel Titanium Plus,2018-01-01,Comprehensive,Diesel,5,90000,First Owner,Manual,2018-01-01,21.7,1498.0,9896.0,7.75
1056, Volkswagen Vento . TDI Highline AT,2017-01-01,Comprehensive,Diesel,5,109000,First Owner,Automatic,2017-01-01,22.15,1498.0,1086.0,7.25
1057, Mahindra XUV W AMT Optional Diesel BSVI,2021-01-01,Zero Dep,Diesel,5,66302,First Owner,Automatic,2021-01-01,19.7,1497.0,11505.0,11.24
1058, Maruti Swift Dzire VXI,2012-01-01,Third Party insurance,Petrol,5,79247,First Owner,Manual,2012-01-01,22.41,1197.0,8850.0,4.1
1059, Mini Cooper Clubman Cooper S,2017-01-01,Comprehensive,Petrol,5,46000,First Owner,Automatic,2017-01-01,13.79,1998.0,192.0,30.5625
1060, Maruti Baleno . Alpha,2018-01-01,Third Party insurance,Diesel,5,82051,First Owner,Manual,2017-01-01,27.39,1248.0,74.0,6.07
1061, Maruti Swift ZXI Plus,2021-01-01,Third Party insurance,Petrol,5,31655,First Owner,Manual,2021-01-01,22.38,1197.0,8850.0,7.75
1062, Hyundai Grand i Sportz,2017-01-01,Comprehensive,Petrol,5,16000,First Owner,Manual,2017-01-01,18.9,1197.0,8186.0,5.75
1063, Honda WR-V i-DTEC VX,2019-01-01,Zero Dep,Diesel,5,59965,First Owner,Manual,2019-01-01,25.5,1498.0,986.0,7.61
1064, Hyundai i Asta,2009-01-01,Third Party insurance,Petrol,5,60000,Third Owner,Manual,2009-01-01,17.0,1197.0,21476.25,1.75
1065, Maruti Baleno . Delta,2017-01-01,Zero Dep,Petrol,5,103209,First Owner,Manual,2017-01-01,21.4,1197.0,831.0,5.02
1066, Maruti Baleno . Delta,2017-01-01,Third Party insurance,Petrol,5,29497,First Owner,Manual,2017-01-01,21.4,1197.0,831.0,5.59
1067, Hyundai i Magna,2012-01-01,Comprehensive,Petrol,5,51000,First Owner,Manual,2012-01-01,30.975,789.0,1117.0,2.9
1068, Hyundai Grand i Nios AMT Sportz,2020-01-01,Third Party insurance,Petrol,5,22849,First Owner,Automatic,2020-01-01,20.7,1197.0,8186.0,6.83
1069, Hyundai i . Asta,2018-01-01,Third Party insurance,Diesel,5,66000,First Owner,Manual,2018-01-01,22.54,1396.0,8873.0,5.75
1070, BMW X xDrive d xLine,2019-01-01,Third Party insurance,Diesel,5,43000,First Owner,Automatic,2019-01-01,20.68,1995.0,190.0,29.5
1071, Maruti Vitara Brezza VDi,2019-01-01,Comprehensive,Diesel,5,68000,First Owner,Manual,2019-01-01,24.3,1248.0,885.0,7.5
1072, Mercedes-Benz GLC d MATIC Sport,2018-01-01,Comprehensive,Diesel,5,61000,First Owner,Automatic,2018-01-01,17.9,2143.0,170.0,30.5625
1073, Maruti Ciaz Delta,2018-01-01,Comprehensive,Petrol,5,35000,First Owner,Manual,2018-01-01,20.65,1462.0,10325.0,6.8
1074, Maruti Baleno Zeta CVT,2019-01-01,Comprehensive,Petrol,5,47000,First Owner,Automatic,2019-01-01,19.56,1197.0,8180.0,6.75
1075, Maruti Vitara Brezza ZDi Plus,2019-01-01,Third Party insurance,Diesel,5,54000,First Owner,Manual,2019-01-01,24.3,1248.0,885.0,8.75
1076, Honda City i VTEC CVT SV,2016-01-01,Zero Dep,Petrol,5,72000,First Owner,Automatic,2015-01-01,18.0,1497.0,1173.0,6.15
1077, Maruti Alto  LXI,2017-01-01,Third Party insurance,Petrol,5,62039,First Owner,Manual,2017-01-01,30.975,3182.0,69.0,3.02
1078, Maruti Baleno Zeta,2020-01-01,Comprehensive,Petrol,5,23428,First Owner,Manual,2020-01-01,21.01,1197.0,8180.0,7.14
1079, Maruti SX S Cross Zeta DDiS  SH,2017-01-01,Comprehensive,Diesel,5,53000,First Owner,Manual,2017-01-01,25.1,1248.0,885.0,7.95
1080, Honda City V MT,2012-01-01,Comprehensive,Petrol,5,47925,First Owner,Manual,2012-01-01,16.8,1497.0,1163.0,4.53
1081, Hyundai Grand i Magna,2015-01-01,Third Party insurance,Petrol,5,59011,First Owner,Manual,2015-01-01,30.975,82.0,114.0,4.26
1082, Mahindra Alturas G X AT,2019-01-01,Comprehensive,Diesel,7,121281,First Owner,Automatic,2019-01-01,12.35,2157.0,17849.0,17.51
1083, Hyundai Grand i . Kappa Sportz BSIV,2019-01-01,Third Party insurance,Petrol,5,63238,First Owner,Manual,2019-01-01,18.9,1197.0,8186.0,5.15
1084, Honda City i VTEC CVT VX,2014-01-01,Third Party insurance,Petrol,5,51376,First Owner,Automatic,2014-01-01,18.0,1497.0,1173.0,6.0
1085, Hyundai i Magna .L,2013-01-01,Comprehensive,Petrol,5,51196,First Owner,Manual,2013-01-01,30.975,3182.0,9904.0,3.19
1086, Hyundai Grand i . Kappa Sportz Option AT,2018-01-01,Third Party insurance,Petrol,5,35898,Second Owner,Automatic,2018-01-01,18.9,1197.0,8186.0,5.43
1087, BMW  Series d Sport Line,2018-01-01,Comprehensive,Diesel,5,40000,Second Owner,Automatic,2018-01-01,22.48,1995.0,18774.0,30.5625
1088, Maruti Ignis . Delta BSIV,2018-01-01,Comprehensive,Petrol,5,19876,First Owner,Manual,2018-01-01,20.89,1197.0,8180.0,4.92
1089, Maruti Swift VDI,2012-01-01,Comprehensive,Diesel,5,68000,First Owner,Manual,2012-01-01,22.9,1248.0,74.0,4.1
1090, Honda Amaze S Petrol,2016-01-01,Comprehensive,Petrol,5,40451,First Owner,Manual,2016-01-01,18.6,1199.0,8876.0,5.25
1091, Honda City i VTEC SV,2014-01-01,Third Party insurance,Petrol,5,60000,Second Owner,Manual,2014-01-01,17.4,1497.0,1173.0,5.55
1092, Audi A . TDI Premium Plus,2013-01-01,Comprehensive,Diesel,5,69000,First Owner,Automatic,2013-01-01,17.68,1968.0,17433.0,14.5
1093, Maruti Baleno Zeta,2018-01-01,Comprehensive,Petrol,5,98000,First Owner,Manual,2018-01-01,21.01,1197.0,8180.0,6.0
1094, Hyundai Venue SX Plus Turbo DCT,2020-01-01,Zero Dep,Petrol,5,130000,First Owner,Automatic,2020-01-01,18.15,998.0,11835.0,9.75
1095, Honda Jazz VX CVT,2019-01-01,Zero Dep,Petrol,5,55000,First Owner,Automatic,2019-01-01,18.2,1199.0,887.0,7.5
1096, Toyota Etios GD,2015-01-01,Zero Dep,Diesel,5,104000,First Owner,Manual,2015-01-01,23.59,1364.0,6705.0,5.25
1097, Maruti Alto  VXI BSIV,2019-01-01,Zero Dep,Petrol,5,57647,First Owner,Manual,2019-01-01,24.7,796.0,473.0,3.52
1098, Hyundai Grand i . Kappa Magna BSIV,2017-01-01,Third Party insurance,Petrol,5,76125,Second Owner,Manual,2017-01-01,18.9,1197.0,8186.0,4.4
1099, Maruti Swift Dzire VDI,2017-01-01,Third Party insurance,Diesel,5,94857,First Owner,Manual,2017-01-01,28.4,1248.0,7402.0,6.06
1100, Honda Amaze S i-Vtech,2016-01-01,Comprehensive,Petrol,5,51499,First Owner,Manual,2016-01-01,18.0,1198.0,867.0,4.96
1101, Mahindra XUV AX  Str Diesel AT,2023-01-01,Comprehensive,Diesel,7,22468,First Owner,Automatic,2023-01-01,30.975,3182.0,450.0,22.0
1102, Maruti Celerio ZXI,2016-01-01,Zero Dep,Petrol,5,123186,First Owner,Manual,2016-01-01,25.24,998.0,6571.0,3.68
1103, Maruti Wagon R VXI AMT,2021-01-01,Comprehensive,Petrol,5,20000,First Owner,Automatic,2021-01-01,21.79,998.0,6705.0,6.1
1104, Hyundai i Asta .,2016-01-01,Zero Dep,Petrol,5,74661,First Owner,Manual,2015-01-01,18.6,1197.0,8183.0,5.45
1105, Maruti Swift VDI,2012-01-01,Comprehensive,Diesel,5,50018,First Owner,Manual,2012-01-01,22.9,1248.0,74.0,4.2
1106, Hyundai i . Asta,2019-01-01,Third Party insurance,Petrol,5,38000,First Owner,Manual,2019-01-01,18.6,1197.0,8183.0,5.6
1107, Maruti Baleno Zeta,2021-01-01,Zero Dep,Petrol,5,11971,First Owner,Manual,2021-01-01,21.01,1197.0,8180.0,7.55
1108, Fiat Punto . Emotion,2010-01-01,Third Party insurance,Diesel,5,80000,Third Owner,Manual,2010-01-01,20.3,1248.0,75.0,1.0
1109, Hyundai i Asta .,2014-01-01,Comprehensive,Petrol,5,64000,First Owner,Manual,2014-01-01,18.6,1197.0,8183.0,5.5
1110, Maruti Baleno . Sigma,2017-01-01,Comprehensive,Petrol,5,37000,First Owner,Manual,2017-01-01,30.975,831.0,115.0,5.05
1111, Hyundai i Asta . CRDi,2015-01-01,Comprehensive,Diesel,5,92000,First Owner,Manual,2015-01-01,22.54,1396.0,8873.0,5.95
1112, Maruti Alto K VXI,2019-01-01,Comprehensive,Petrol,5,70000,Second Owner,Manual,2019-01-01,23.95,998.0,6705.0,3.4
1113, Maruti Vitara Brezza LXI,2021-01-01,Comprehensive,Petrol,5,83000,First Owner,Manual,2021-01-01,17.03,1462.0,10326.0,7.95
1114, Maruti Wagon R LXI,2020-01-01,Comprehensive,Petrol,5,32000,First Owner,Manual,2020-01-01,30.975,3182.0,90.0,5.1
1115, Maruti Baleno Alpha Diesel,2018-01-01,Comprehensive,Diesel,5,88000,Second Owner,Manual,2018-01-01,27.39,1248.0,74.0,5.9
1116, Maruti Swift Dzire LXI,2012-01-01,Third Party insurance,Petrol,5,105885,First Owner,Manual,2012-01-01,30.975,3182.0,113.0,3.27
1117, Honda WR-V i-DTEC VX,2017-01-01,Zero Dep,Diesel,5,93774,First Owner,Manual,2017-01-01,25.5,1498.0,986.0,7.15
1118, Mercedes-Benz C-Class Progressive C d,2020-01-01,Third Party insurance,Diesel,5,44000,First Owner,Automatic,2020-01-01,12.6,1950.0,194.0,30.5625
1119, Hyundai Grand i Magna,2016-01-01,Third Party insurance,Petrol,5,86981,First Owner,Manual,2016-01-01,30.975,82.0,114.0,4.21
1120, Maruti Baleno . Zeta,2020-01-01,Zero Dep,Petrol,5,48728,First Owner,Manual,2019-01-01,21.4,1197.0,831.0,6.66
1121, Hyundai Verna . SX VTVT,2013-01-01,Comprehensive,Petrol,5,87001,First Owner,Manual,2013-01-01,17.01,1591.0,1213.0,4.65
1122, Maruti Wagon R VXI BS IV,2016-01-01,Third Party insurance,Petrol,5,50595,First Owner,Manual,2016-01-01,20.51,998.0,6704.0,4.11
1123, Honda Jazz V CVT,2021-01-01,Comprehensive,Petrol,5,31000,First Owner,Automatic,2021-01-01,17.1,1199.0,8850.0,8.5
1124, Hyundai Grand i Magna,2015-01-01,Third Party insurance,Petrol,5,103012,First Owner,Manual,2015-01-01,30.975,82.0,114.0,4.14
1125, Maruti Swift VXI,2014-01-01,Third Party insurance,Petrol,5,108929,First Owner,Manual,2013-01-01,22.38,1197.0,8850.0,3.84
1126, Honda BR-V i-VTEC V CVT,2016-01-01,Third Party insurance,Petrol,7,57000,First Owner,Automatic,2016-01-01,15.4,1497.0,1173.0,7.95
1127, Honda Brio . S Option MT,2018-01-01,Comprehensive,Petrol,5,56387,First Owner,Manual,2018-01-01,18.5,1198.0,868.0,4.3
1129, Honda Brio . VX AT,2018-01-01,Comprehensive,Petrol,5,42000,First Owner,Automatic,2018-01-01,16.5,1198.0,868.0,5.5
1130, Hyundai Verna SX Diesel,2021-01-01,Third Party insurance,Diesel,5,50000,First Owner,Manual,2021-01-01,25.0,1493.0,11345.0,13.9
1131, Ford Ecosport . Diesel Titanium,2020-01-01,Comprehensive,Diesel,5,130000,First Owner,Manual,2020-01-01,21.7,1498.0,9896.0,9.0
1132, Hyundai Grand i . Kappa Sportz Option AT,2019-01-01,Comprehensive,Petrol,5,26000,First Owner,Automatic,2018-01-01,18.9,1197.0,8186.0,5.95
1133, Mercedes-Benz C-Class C  CDI BE Avantgare,2014-01-01,Comprehensive,Diesel,5,92001,First Owner,Automatic,2014-01-01,14.84,2143.0,16762.0,11.75
1134, Honda Brio . VX MT,2016-01-01,Comprehensive,Petrol,5,29000,First Owner,Manual,2016-01-01,18.5,1198.0,868.0,4.5
1135, Maruti Swift VXI Optional,2017-01-01,Third Party insurance,Petrol,5,69000,First Owner,Manual,2017-01-01,20.4,1197.0,8180.0,5.4
1136, Maruti Ignis Sigma BSVI,2022-01-01,Zero Dep,Petrol,5,51918,First Owner,Manual,2022-01-01,30.975,3182.0,113.0,5.4
1137, Hyundai Grand i Asta,2016-01-01,Third Party insurance,Petrol,5,37552,First Owner,Manual,2016-01-01,18.9,1197.0,82.0,5.32
1138, Tata Nexon . Revotron XZ Plus,2019-01-01,Comprehensive,Petrol,5,84000,First Owner,Manual,2019-01-01,17.0,1198.0,1085.0,8.7
1139, Honda Amaze S i-Vtech,2016-01-01,Third Party insurance,Petrol,5,63420,First Owner,Manual,2016-01-01,18.0,1198.0,867.0,5.11
1140, Hyundai Grand i . Kappa Magna BSIV,2018-01-01,Third Party insurance,Petrol,5,68888,Second Owner,Manual,2017-01-01,18.9,1197.0,8186.0,4.39
1141, Maruti Swift ZDi,2013-01-01,Comprehensive,Diesel,5,104255,First Owner,Manual,2013-01-01,22.9,1248.0,74.0,4.5
1142, Honda Brio . S Option MT,2018-01-01,Third Party insurance,Petrol,5,47877,First Owner,Manual,2018-01-01,18.5,1198.0,868.0,4.72
1143, Mercedes-Benz C-Class C  AVANTGARDE,2016-01-01,Comprehensive,Petrol,5,61000,Second Owner,Automatic,2016-01-01,14.74,1991.0,18104.0,27.9
1144, Honda Jazz . V i DTEC,2016-01-01,Third Party insurance,Diesel,5,83337,First Owner,Manual,2016-01-01,27.3,1498.0,986.0,4.64
1145, Honda Brio S MT,2016-01-01,Third Party insurance,Petrol,5,61836,First Owner,Manual,2016-01-01,19.4,1198.0,868.0,4.06
1146, Volkswagen Vento . TSI Highline AT,2015-01-01,Comprehensive,Petrol,5,68001,First Owner,Automatic,2015-01-01,18.19,1197.0,1032.0,5.9
1147, Maruti Baleno Zeta BSVI,2023-01-01,Zero Dep,Petrol,5,39813,First Owner,Manual,2022-01-01,22.35,1197.0,8850.0,7.87
1148, Honda Amaze VX i-VTEC,2018-01-01,Comprehensive,Petrol,5,74000,First Owner,Manual,2018-01-01,17.8,1198.0,867.0,6.9
1149, Honda Brio V MT,2013-01-01,Comprehensive,Petrol,5,87000,First Owner,Manual,2013-01-01,19.4,1198.0,868.0,3.5
1150, Hyundai i Sportz Option .,2016-01-01,Third Party insurance,Petrol,5,71000,First Owner,Manual,2016-01-01,18.6,1197.0,8183.0,6.6
1151, Mercedes-Benz GLE d,2018-01-01,Comprehensive,Diesel,5,102000,First Owner,Automatic,2018-01-01,17.9,2143.0,20115.0,30.5625
1152, Mitsubishi Outlander .,2010-01-01,Third Party insurance,Petrol,5,110000,Third Owner,Automatic,2010-01-01,11.3,2360.0,170.0,6.5
1153, Tata Tiago . Revotron XZ Plus,2019-01-01,Comprehensive,Petrol,5,75000,First Owner,Manual,2019-01-01,23.84,1199.0,84.0,5.7
1154, Maruti Ciaz VDi Plus SHVS,2017-01-01,Third Party insurance,Diesel,5,62000,First Owner,Manual,2017-01-01,28.09,1248.0,885.0,7.1
1155, Hyundai i Magna . iTech SE,2014-01-01,Third Party insurance,Petrol,5,49000,First Owner,Manual,2014-01-01,30.975,789.0,1117.0,4.4
1156, Maruti Ciaz ZXi,2017-01-01,Comprehensive,Petrol,5,76792,First Owner,Manual,2016-01-01,20.73,1373.0,911.0,6.37
1157, Honda Brio S MT,2014-01-01,Comprehensive,Petrol,5,34445,First Owner,Manual,2014-01-01,19.4,1198.0,868.0,4.24
1158, Hyundai i Magna . iTech SE,2012-01-01,Comprehensive,Petrol,5,64000,First Owner,Manual,2012-01-01,30.975,3182.0,9904.0,3.2
1159, Maruti Swift Dzire VXI,2016-01-01,Third Party insurance,Petrol,5,109405,First Owner,Manual,2016-01-01,22.41,1197.0,8850.0,5.2
1160, Honda Jazz . VX i VTEC,2015-01-01,Comprehensive,Petrol,5,118146,First Owner,Manual,2015-01-01,18.7,1199.0,887.0,4.61
1161, Tata Punch Creative AMT BSVI,2022-01-01,Comprehensive,Petrol,5,9000,First Owner,Automatic,2022-01-01,18.8,1199.0,8663.0,8.75
1162, Hyundai Grand i . Kappa Sportz Option AT,2017-01-01,Zero Dep,Petrol,5,41339,Second Owner,Automatic,2017-01-01,18.9,1197.0,8186.0,5.87
1163, BMW  Series i M Sport BSVI,2022-01-01,Comprehensive,Petrol,5,22000,Second Owner,Automatic,2022-01-01,14.82,1998.0,18908.0,30.5625
1164, Honda WR-V i-VTEC VX,2018-01-01,Comprehensive,Petrol,5,62607,First Owner,Manual,2017-01-01,17.5,1199.0,887.0,7.21
1165, Maruti Baleno Delta,2020-01-01,Zero Dep,Petrol,5,52794,First Owner,Manual,2020-01-01,21.01,1197.0,8180.0,6.77
1166, Mercedes-Benz E-Class Exclusive E  BSVI,2022-01-01,Comprehensive,Petrol,5,10000,First Owner,Automatic,2022-01-01,15.0,1991.0,19444.0,30.5625
1167, Renault Triber RXL BSVI,2022-01-01,Third Party insurance,Petrol,7,33864,First Owner,Manual,2022-01-01,20.0,999.0,7101.0,5.86
1168, Hyundai Elantra CRDi SX AT,2012-01-01,Third Party insurance,Diesel,5,73000,Second Owner,Automatic,2012-01-01,19.5,1582.0,12624.0,4.25
1169, Maruti Baleno Delta,2017-01-01,Third Party insurance,Petrol,5,70000,First Owner,Manual,2017-01-01,21.01,1197.0,8180.0,4.75
1170, Honda BR-V i-DTEC S MT,2017-01-01,Comprehensive,Diesel,7,67754,Second Owner,Manual,2017-01-01,21.9,1498.0,986.0,6.15
1171, Maruti Wagon R LX Minor,2011-01-01,Third Party insurance,Petrol,5,60000,First Owner,Power Steering,2011-01-01,30.975,671.0,90.0,1.7
1172, Nissan Micra XL,2010-01-01,Comprehensive,Petrol,5,69000,First Owner,Manual,2010-01-01,18.06,1198.0,75.0,2.5
1173, Mahindra XUV W BSIV,2019-01-01,Third Party insurance,Diesel,7,78000,First Owner,Manual,2018-01-01,15.1,2179.0,15287.0,10.25
1174, Maruti Alto  LXi BSIII,2009-01-01,Third Party insurance,Petrol,5,70000,Third Owner,Manual,2009-01-01,30.975,463.0,62.0,1.4
1175, Maruti Ertiga SHVS VDI,2017-01-01,Third Party insurance,Diesel,7,83000,First Owner,Manual,2017-01-01,24.52,1248.0,885.0,7.8
1176, Hyundai Grand i Nios AMT Sportz,2020-01-01,Comprehensive,Petrol,5,17778,First Owner,Automatic,2020-01-01,20.7,1197.0,8186.0,7.04
1177, Hyundai Grand i Nios AMT Sportz,2021-01-01,Third Party insurance,Petrol,5,16499,First Owner,Automatic,2021-01-01,20.7,1197.0,8186.0,7.14
1178, Renault Scala Diesel RxZ,2012-01-01,Third Party insurance,Diesel,5,120000,First Owner,Manual,2012-01-01,21.64,1461.0,848.0,2.25
1179, Honda Jazz . V i VTEC,2016-01-01,Comprehensive,Petrol,5,33364,First Owner,Manual,2016-01-01,18.7,1199.0,887.0,4.79
1180, Hyundai Grand i Sportz,2016-01-01,Comprehensive,Petrol,5,64784,First Owner,Manual,2016-01-01,18.9,1197.0,82.0,4.26
1181, Mercedes-Benz E-Class E  CGI,2014-01-01,Comprehensive,Petrol,5,59000,First Owner,Automatic,2014-01-01,12.0,1991.0,184.0,19.9
1182, Hyundai i Magna .L,2014-01-01,Third Party insurance,Petrol,5,29584,First Owner,Manual,2014-01-01,30.975,3182.0,9904.0,3.7
1183, Nissan Sunny Petrol Special Edition,2013-01-01,Third Party insurance,Petrol,5,80000,Third Owner,Manual,2013-01-01,16.95,1498.0,977.0,3.0
1184, Honda City . S MT,2011-01-01,Third Party insurance,Petrol,5,87217,First Owner,Manual,2011-01-01,17.0,1497.0,21476.25,3.73
1185, Tata Tiago . Revotron XT,2018-01-01,Third Party insurance,Petrol,5,77482,Second Owner,Manual,2017-01-01,23.84,1199.0,84.0,3.99
1186, Honda Jazz . V AT i VTEC,2018-01-01,Comprehensive,Petrol,5,60000,First Owner,Automatic,2018-01-01,19.0,1199.0,887.0,6.25
1187, Tata Tiago XZ,2020-01-01,Third Party insurance,Petrol,5,34312,First Owner,Manual,2020-01-01,20.09,1199.0,8482.0,5.57
1188, Tata Tiago XZA Plus AMT BSVI,2021-01-01,Third Party insurance,Petrol,5,53000,First Owner,Automatic,2021-01-01,19.0,1199.0,8482.0,6.5
1189, Honda Amaze VX CVT i-VTEC,2017-01-01,Comprehensive,Petrol,5,45000,First Owner,Automatic,2017-01-01,18.1,1199.0,887.0,5.75
1190, Honda Amaze VX i-VTEC,2019-01-01,Comprehensive,Petrol,5,23000,First Owner,Manual,2019-01-01,17.8,1198.0,867.0,6.9
1191, Maruti Swift Dzire VXI .,2015-01-01,Comprehensive,Petrol,5,80001,First Owner,Manual,2015-01-01,21.21,1197.0,8180.0,4.9
1192, Maruti Swift Dzire VDI,2015-01-01,Comprehensive,Diesel,5,62000,First Owner,Manual,2015-01-01,28.4,1248.0,7402.0,5.5
1193, Ford Ecosport . Petrol Titanium Plus AT BSIV,2020-01-01,Third Party insurance,Petrol,5,57000,First Owner,Automatic,2020-01-01,14.8,1497.0,12136.0,8.5
1194, Honda Brio S MT,2015-01-01,Comprehensive,Petrol,5,21000,First Owner,Manual,2015-01-01,19.4,1198.0,868.0,3.9
1195, Maruti Swift VXI,2013-01-01,Third Party insurance,Petrol,5,43415,First Owner,Manual,2013-01-01,22.38,1197.0,8850.0,4.08
1196, Hyundai i Asta Option . CRDi,2017-01-01,Third Party insurance,Diesel,5,24412,First Owner,Manual,2017-01-01,22.54,1396.0,8873.0,7.58
1197, Kia Carnival Premium,2021-01-01,Zero Dep,Diesel,7,45000,First Owner,Automatic,2021-01-01,14.11,2199.0,1972.0,25.9
1198, Hyundai Grand i Magna,2015-01-01,Third Party insurance,Petrol,5,24020,First Owner,Manual,2015-01-01,30.975,82.0,114.0,4.8
1199, Maruti Swift Dzire VXI .,2018-01-01,Third Party insurance,Petrol,5,70251,Second Owner,Manual,2018-01-01,21.21,1197.0,8180.0,5.33
1200, Honda City VX CVT,2018-01-01,Comprehensive,Petrol,5,44000,First Owner,Automatic,2018-01-01,18.4,1498.0,11935.0,9.9
1201, Maruti Alto  LXI S-CNG,2021-01-01,Comprehensive,CNG,4,86212,First Owner,Manual,2021-01-01,30.975,3182.0,60.0,4.2
1202, Hyundai Verna VTVT . AT SX Option,2018-01-01,Third Party insurance,Petrol,5,64000,First Owner,Automatic,2018-01-01,17.0,1591.0,1213.0,9.5
1203, Hyundai Grand i Magna,2015-01-01,Third Party insurance,Petrol,5,39458,First Owner,Manual,2015-01-01,30.975,82.0,114.0,4.65
1204, Maruti Swift VDI,2013-01-01,Third Party insurance,Diesel,5,70598,First Owner,Manual,2012-01-01,22.9,1248.0,74.0,3.56
1205, Honda Amaze S Option i-VTEC,2017-01-01,Comprehensive,Petrol,5,94000,First Owner,Manual,2017-01-01,17.8,1198.0,867.0,4.75
1206, Hyundai Grand i Magna,2016-01-01,Third Party insurance,Petrol,5,48325,First Owner,Manual,2016-01-01,30.975,82.0,114.0,4.3
1207, Toyota Corolla Altis VL AT,2016-01-01,Comprehensive,Petrol,5,66000,Second Owner,Automatic,2016-01-01,14.28,1798.0,13803.0,6.5
1208, Honda City i DTEC V,2015-01-01,Comprehensive,Diesel,5,86001,First Owner,Manual,2015-01-01,26.0,1498.0,986.0,5.75
1209, Toyota Corolla Altis G AT,2014-01-01,Comprehensive,Petrol,5,62000,First Owner,Automatic,2014-01-01,14.28,1798.0,13803.0,6.9
1210, Hyundai Verna . VTVT,2016-01-01,Comprehensive,Petrol,5,50000,First Owner,Manual,2016-01-01,17.43,1396.0,1055.0,6.25
1211, Hyundai Creta . SX Diesel,2016-01-01,Comprehensive,Diesel,5,79000,First Owner,Manual,2016-01-01,20.5,1582.0,1262.0,9.25
1212, Maruti Swift Dzire AMT ZDI Plus,2017-01-01,Comprehensive,Diesel,5,74002,First Owner,Automatic,2017-01-01,28.4,1248.0,7402.0,6.75
1213, Mercedes-Benz S-Class S  L,2014-01-01,Comprehensive,Petrol,5,74000,First Owner,Automatic,2014-01-01,7.895000000000001,3182.0,3629.0,30.5625
1214, Hyundai Verna . CRDi S Option,2015-01-01,Third Party insurance,Diesel,5,65000,Second Owner,Manual,2015-01-01,23.9,1582.0,12632.0,5.9
1215, Hyundai i Asta Opt BSVI,2021-01-01,Comprehensive,Petrol,5,39718,Second Owner,Manual,2021-01-01,21.0,1197.0,8180.0,7.58
1216, Hyundai Grand i Magna,2017-01-01,Third Party insurance,Petrol,5,67529,First Owner,Manual,2016-01-01,30.975,82.0,114.0,4.5
1217, Audi Q  TDI Quattro Technology,2016-01-01,Third Party insurance,Diesel,7,110000,Second Owner,Automatic,2016-01-01,14.75,2967.0,245.0,30.5625
1218, Maruti Baleno . Delta,2017-01-01,Third Party insurance,Petrol,5,88281,First Owner,Manual,2017-01-01,21.4,1197.0,831.0,5.01
1219, Hyundai Grand i Magna,2016-01-01,Third Party insurance,Petrol,5,64160,Second Owner,Manual,2016-01-01,30.975,82.0,114.0,4.12
1220, Hyundai Tucson . e-VGT WD AT GLS,2018-01-01,Comprehensive,Diesel,5,88000,First Owner,Automatic,2018-01-01,16.38,1995.0,18246.0,15.5
1221, Maruti Swift VXI,2017-01-01,Zero Dep,Petrol,5,77253,First Owner,Manual,2017-01-01,22.38,1197.0,8850.0,4.91
1222, Audi A . TDI,2013-01-01,Comprehensive,Diesel,5,72000,First Owner,Automatic,2013-01-01,16.55,1968.0,14751.0,11.9
1223, Honda City S,2012-01-01,Comprehensive,Petrol,5,102614,First Owner,Manual,2012-01-01,16.8,1497.0,1164.0,4.01
1224, Honda City i VTEC SV,2017-01-01,Comprehensive,Petrol,5,78911,Second Owner,Manual,2017-01-01,17.8,1497.0,1173.0,6.37
1225, BMW X xDrive d,2015-01-01,Comprehensive,Diesel,5,99000,First Owner,Automatic,2015-01-01,15.3,2993.0,258.0,28.9
1226, Hyundai Grand i . Kappa Sportz BSIV,2017-01-01,Third Party insurance,Petrol,5,47975,Second Owner,Manual,2017-01-01,18.9,1197.0,8186.0,4.96
1227, Mercedes-Benz C-Class C d Avantgarde Edition C,2018-01-01,Comprehensive,Diesel,5,56000,First Owner,Automatic,2018-01-01,19.27,2143.0,16762.0,29.5
1228, Mercedes-Benz GL-Class  CDI Blue Efficiency,2014-01-01,Third Party insurance,Diesel,7,121000,First Owner,Automatic,2014-01-01,11.3,2987.0,2548.0,30.5625
1229, Mercedes-Benz M-Class ML  CDI,2015-01-01,Comprehensive,Diesel,5,78000,First Owner,Automatic,2015-01-01,15.26,2143.0,2032.0,23.9
1230, BMW X xDrive d M Sport,2015-01-01,Comprehensive,Diesel,5,75000,Second Owner,Automatic,2015-01-01,15.87,2993.0,21476.25,30.5625
1231, Land Rover Range Rover Evoque . R-Dynamic SE diesel -,2020-01-01,Comprehensive,Diesel,5,44000,First Owner,Automatic,2020-01-01,30.975,2454.0,430.0,30.5625
1232, Maruti Celerio ZXI AMT BSIV,2019-01-01,Comprehensive,Petrol,5,42000,First Owner,Automatic,2019-01-01,23.1,998.0,6704.0,4.5
1233, Maruti Ciaz . Alpha,2017-01-01,Third Party insurance,Diesel,5,32141,First Owner,Power Steering,2017-01-01,30.975,885.0,200.0,6.0
1234, Maruti Baleno . CVT Alpha,2018-01-01,Third Party insurance,Petrol,5,60000,Third Owner,Automatic,2018-01-01,21.4,1197.0,831.0,5.1
1235, Hyundai Grand i Magna,2015-01-01,Third Party insurance,Petrol,5,64657,First Owner,Manual,2015-01-01,30.975,82.0,114.0,4.02
1236, Honda Jazz . V AT i VTEC,2018-01-01,Comprehensive,Petrol,5,100657,First Owner,Automatic,2018-01-01,19.0,1199.0,887.0,5.67
1237, Hyundai Creta . VTVT AT SX Plus,2018-01-01,Comprehensive,Petrol,5,32000,First Owner,Automatic,2018-01-01,13.0,1591.0,1213.0,10.9
1238, Honda Brio S MT,2012-01-01,Third Party insurance,Petrol,5,50570,First Owner,Manual,2012-01-01,19.4,1198.0,868.0,2.8
1239, Hyundai Grand i Asta,2016-01-01,Third Party insurance,Petrol,5,42392,First Owner,Manual,2016-01-01,18.9,1197.0,82.0,5.13
1240, Ford Ecosport . DV MT Titanium,2014-01-01,Third Party insurance,Diesel,5,78000,Second Owner,Manual,2014-01-01,22.7,1498.0,8984.0,3.75
1241, Hyundai Grand i Magna,2016-01-01,Third Party insurance,Petrol,5,62155,First Owner,Manual,2015-01-01,30.975,82.0,114.0,4.19
1242, Maruti SX Vxi BSIII,2007-01-01,Third Party insurance,Petrol,5,100000,Second Owner,Manual,2007-01-01,15.0,1586.0,10468.0,1.55
1243, Hyundai i Asta Option . CRDi,2016-01-01,Comprehensive,Diesel,5,94822,Third Owner,Manual,2016-01-01,22.54,1396.0,8873.0,5.43
1244, Hyundai EON Era Plus,2016-01-01,Third Party insurance,Petrol,5,59422,First Owner,Manual,2016-01-01,30.975,552.0,745.0,2.91
1245, Kia Seltos HTX IVT,2020-01-01,Comprehensive,Petrol,5,82000,First Owner,Automatic,2020-01-01,30.975,3182.0,144.0,13.9
1246, Hyundai Verna VTVT . AT SX Option,2018-01-01,Third Party insurance,Petrol,5,70727,Second Owner,Automatic,2017-01-01,17.0,1591.0,1213.0,9.12
1247, Kia Seltos HTX IVT,2020-01-01,Comprehensive,Petrol,5,79000,First Owner,Automatic,2020-01-01,30.975,3182.0,144.0,12.9
1248, Renault Duster PS Diesel RxL,2014-01-01,Third Party insurance,Diesel,5,120000,Second Owner,Manual,2014-01-01,19.01,1461.0,10845.0,3.45
1250, Hyundai Elantra CRDi Base,2013-01-01,Third Party insurance,Diesel,5,120000,Third Owner,Manual,2013-01-01,22.7,1582.0,12624.0,4.0
1251, Mahindra TUV  T AMT,2016-01-01,Comprehensive,Diesel,7,70000,First Owner,Automatic,2016-01-01,18.49,1493.0,100.0,6.15
1252, BMW X sDrived Expedition,2017-01-01,Comprehensive,Diesel,5,61000,First Owner,Automatic,2017-01-01,20.68,1995.0,188.0,19.75
1253, Honda Amaze EX i-Vtech,2014-01-01,Comprehensive,Petrol,5,92000,First Owner,Manual,2014-01-01,18.0,1198.0,867.0,3.6
1254, Honda BR-V i-VTEC S MT,2016-01-01,Third Party insurance,Petrol,7,58857,First Owner,Manual,2016-01-01,15.4,1497.0,1173.0,6.5
1255, Maruti Wagon R VXI BS IV,2016-01-01,Comprehensive,Petrol,5,68237,First Owner,Manual,2016-01-01,20.51,998.0,6704.0,3.89
1256, Maruti Baleno Zeta,2021-01-01,Zero Dep,Petrol,5,31237,First Owner,Manual,2021-01-01,21.01,1197.0,8180.0,7.27
1257, Hyundai Xcent . VTVT E Plus,2017-01-01,Third Party insurance,Petrol,5,45000,First Owner,Manual,2017-01-01,20.14,1197.0,8186.0,4.95
1258, Maruti Swift VDI,2012-01-01,Third Party insurance,Diesel,5,93027,First Owner,Manual,2012-01-01,22.9,1248.0,74.0,3.71
1259, Maruti Swift Dzire VDI,2014-01-01,Third Party insurance,Diesel,5,122688,Second Owner,Manual,2014-01-01,23.4,1248.0,74.0,4.22
1260, Honda Amaze S i-DTEC,2020-01-01,Comprehensive,Diesel,5,53000,First Owner,Manual,2020-01-01,25.8,1498.0,986.0,6.75
1261, Maruti Celerio X ZXI,2019-01-01,Zero Dep,Petrol,5,60464,First Owner,Manual,2019-01-01,21.63,998.0,6705.0,4.6
1262, Nissan Magnite XV Premium,2023-01-01,Third Party insurance,Petrol,5,10000,First Owner,Power Steering,2023-01-01,30.975,3182.0,96.0,8.5
1263, Honda City i VTEC SV,2014-01-01,Third Party insurance,Petrol,5,40171,First Owner,Manual,2014-01-01,17.4,1497.0,1173.0,5.17
1264, Honda Amaze S i-VTEC,2019-01-01,Third Party insurance,Petrol,5,122223,First Owner,Manual,2018-01-01,17.8,1198.0,867.0,5.8
1265, Hyundai i Magna .,2010-01-01,Third Party insurance,Petrol,5,44000,First Owner,Manual,2010-01-01,30.975,3182.0,9904.0,2.4
1266, Hyundai Grand i AT Asta,2015-01-01,Third Party insurance,Petrol,5,77299,Second Owner,Automatic,2015-01-01,18.9,1197.0,82.0,4.79
1267, Tata Harrier XT Plus,2019-01-01,Comprehensive,Diesel,5,39000,First Owner,Manual,2019-01-01,16.35,1956.0,16767.0,13.95
1268, Jeep Compass . Limited,2018-01-01,Third Party insurance,Diesel,5,120000,Second Owner,Manual,2018-01-01,17.1,1956.0,170.0,11.0
1269, MG Astor Sharp EX BSVI,2022-01-01,Zero Dep,Petrol,5,29000,First Owner,Manual,2022-01-01,15.43,1498.0,10849.0,12.9
1270, Honda Jazz . S i VTEC,2017-01-01,Comprehensive,Petrol,5,60000,First Owner,Manual,2017-01-01,18.7,1199.0,887.0,4.75
1271, Hyundai i . Asta,2017-01-01,Comprehensive,Diesel,5,80000,First Owner,Manual,2017-01-01,22.54,1396.0,8873.0,6.9
1272, Ford Ecosport . Diesel Titanium,2015-01-01,Comprehensive,Diesel,5,78000,First Owner,Manual,2015-01-01,21.7,1498.0,9896.0,5.5
1273, Honda Amaze S Diesel,2016-01-01,Comprehensive,Diesel,5,58000,First Owner,Manual,2016-01-01,24.7,1498.0,9789.0,5.5
1274, Hyundai Grand i CRDi Magna,2015-01-01,Third Party insurance,Diesel,5,67000,First Owner,Manual,2015-01-01,30.975,70.0,160.0,4.25
1275, Maruti Swift LXI,2014-01-01,Comprehensive,Petrol,5,44019,Second Owner,Manual,2014-01-01,18.6,1197.0,858.0,3.15
1276, Maruti Celerio ZXI Plus BSVI,2021-01-01,Comprehensive,Petrol,5,11962,First Owner,Manual,2021-01-01,24.97,998.0,6571.0,5.69
1277, Maruti Alto  LXi,2009-01-01,Comprehensive,Petrol,5,44002,Third Owner,Manual,2009-01-01,19.7,796.0,463.0,30.5625
1278, Maruti Alto  VXI BSVI,2020-01-01,Comprehensive,Petrol,5,13066,First Owner,Manual,2020-01-01,22.05,796.0,4733.0,3.69
1279, Hyundai Grand i Sportz,2016-01-01,Comprehensive,Petrol,5,36015,First Owner,Manual,2016-01-01,18.9,1197.0,82.0,3.61
1280, Hyundai i Sportz IVT BSVI,2021-01-01,Third Party insurance,Petrol,5,14000,Second Owner,Automatic,2021-01-01,19.65,1197.0,8676.0,6.99
1281, Maruti Wagon R CNG LXI,2020-01-01,Comprehensive,CNG,5,11880,First Owner,Manual,2020-01-01,30.975,3182.0,78.0,4.74
1282, Hyundai i Era,2009-01-01,Comprehensive,Petrol,5,35000,Second Owner,Manual,2009-01-01,30.975,3182.0,9904.0,2.25
1283, Maruti Ertiga LDI,2015-01-01,Comprehensive,Diesel,7,65018,First Owner,Manual,2015-01-01,30.975,3182.0,200.0,4.75
1284, Maruti Alto  VXI BSVI,2020-01-01,Comprehensive,Petrol,5,28061,First Owner,Manual,2020-01-01,22.05,796.0,4733.0,3.43
1285, Renault Duster RXS Option CVT BSIV,2019-01-01,Third Party insurance,Petrol,5,40300,First Owner,Automatic,2019-01-01,13.9,1498.0,105.0,6.5
1286, Maruti Alto K VXI,2019-01-01,Comprehensive,Petrol,5,58231,First Owner,Manual,2019-01-01,23.95,998.0,6705.0,3.32
1287, Hyundai Grand i . Kappa Sportz Dual Tone,2017-01-01,Third Party insurance,Petrol,5,70000,First Owner,Power Steering,2017-01-01,30.975,3182.0,11375.0,4.0
1288, Hyundai i Asta Opt Turbo DCT BSVI,2021-01-01,Third Party insurance,Petrol,5,13000,First Owner,Automatic,2021-01-01,20.28,998.0,11841.0,8.9
1289, Maruti Alto  VXI BSVI,2020-01-01,Comprehensive,Petrol,5,32997,First Owner,Manual,2020-01-01,22.05,796.0,4733.0,3.39
1290, Honda Jazz . VX i VTEC,2015-01-01,Comprehensive,Petrol,5,41203,First Owner,Manual,2015-01-01,18.7,1199.0,887.0,3.99
1291, Volkswagen Vento . TDI Highline,2015-01-01,Third Party insurance,Diesel,5,90000,First Owner,Power Steering,2015-01-01,30.975,1032.0,250.0,3.5
1292, Ford Aspire Titanium Plus BSIV,2019-01-01,Comprehensive,Petrol,5,6818,First Owner,Manual,2019-01-01,19.4,1194.0,9493.0,5.4
1293, Honda City i DTec SV,2016-01-01,Comprehensive,Diesel,5,44000,First Owner,Manual,2016-01-01,26.0,1498.0,986.0,5.5
1294, Honda City i-DTEC ZX,2019-01-01,Third Party insurance,Diesel,5,29200,First Owner,Manual,2019-01-01,25.6,1498.0,979.0,8.75
1295, Hyundai i Magna .L,2011-01-01,Comprehensive,Petrol,5,16016,First Owner,Manual,2011-01-01,30.975,3182.0,9904.0,1.85
1296, Maruti S-Presso VXI Plus -,2020-01-01,Comprehensive,Petrol,5,26638,First Owner,Manual,2020-01-01,21.7,998.0,6571.0,4.19
1298, Maruti Wagon R CNG LXI,2020-01-01,Comprehensive,CNG,5,18930,First Owner,Manual,2020-01-01,30.975,3182.0,78.0,4.79
1299, Porsche Cayenne Base,2019-01-01,Third Party insurance,Petrol,5,5700,First Owner,Automatic,2019-01-01,30.975,340.0,450.0,1.05
1301, Maruti Wagon R CNG LXI,2019-01-01,Comprehensive,CNG,5,26580,First Owner,Manual,2019-01-01,30.975,3182.0,78.0,4.49
1302, Honda BR-V i-VTEC V MT,2018-01-01,Comprehensive,Petrol,7,35000,First Owner,Manual,2018-01-01,15.4,1497.0,1173.0,7.45
1303, Audi Q  TFSI Premium FWD,2018-01-01,Comprehensive,Petrol,5,32000,First Owner,Automatic,2018-01-01,16.9,1395.0,14751.0,21.0
1304, Hyundai Creta . SX Automatic Diesel,2019-01-01,Comprehensive,Diesel,5,68499,First Owner,Automatic,2019-01-01,17.6,1582.0,1262.0,10.83
1305, Ford Ecosport . Diesel Titanium BSIV,2018-01-01,Comprehensive,Diesel,5,53750,First Owner,Manual,2018-01-01,23.0,1498.0,9896.0,6.85
1306, Maruti Alto  VXI BSVI,2019-01-01,Comprehensive,Petrol,5,48341,First Owner,Manual,2019-01-01,22.05,796.0,4733.0,3.03
1307, Lamborghini Urus V,2018-01-01,Third Party insurance,Petrol,5,25000,First Owner,Automatic,2018-01-01,30.975,641.0,850.0,3.6
1308, Maruti Wagon R VXI . BSIV,2018-01-01,Comprehensive,Petrol,5,34260,First Owner,Manual,2018-01-01,21.5,1197.0,8180.0,3.95
1309, Ford Ecosport . Diesel Trend BSIV,2018-01-01,Comprehensive,Diesel,5,48380,Second Owner,Manual,2018-01-01,23.0,1498.0,9896.0,5.83
1310, Hyundai Creta . CRDi SX Plus,2018-01-01,Third Party insurance,Diesel,5,52000,First Owner,Manual,2018-01-01,19.67,1582.0,1262.0,9.95
1311, Maruti Omni E MPI STD,2016-01-01,Comprehensive,Petrol,8,23022,Second Owner,Manual,2016-01-01,30.975,342.0,59.0,2.25
1312, Maruti Alto K VXI Optional,2019-01-01,Comprehensive,Petrol,5,26610,First Owner,Manual,2019-01-01,23.95,998.0,6705.0,3.65
1313, Maruti Ertiga . VDI,2018-01-01,Comprehensive,Diesel,7,66019,First Owner,Manual,2018-01-01,24.2,1498.0,9387.0,7.75
1314, Maruti Alto K - VXI,2014-01-01,Comprehensive,Petrol,5,42320,First Owner,Manual,2014-01-01,30.975,671.0,90.0,2.29
1315, Maruti Wagon R CNG LXI,2020-01-01,Comprehensive,CNG,5,25484,First Owner,Manual,2020-01-01,30.975,3182.0,78.0,4.77
1316, Maruti Zen Estilo LXI,2015-01-01,Comprehensive,Petrol,5,25171,First Owner,Manual,2013-01-01,30.975,671.0,90.0,2.22
1317, Hyundai i . CRDi Asta,2011-01-01,Comprehensive,Diesel,5,78006,Second Owner,Manual,2011-01-01,23.0,1396.0,21476.25,2.55
1318, Nissan Micra XL CVT,2019-01-01,Comprehensive,Petrol,5,21607,First Owner,Automatic,2018-01-01,19.34,1198.0,7594.0,4.7
1319, Kia Seltos GTX Plus DCT,2019-01-01,Comprehensive,Petrol,5,52162,First Owner,Automatic,2019-01-01,16.5,1353.0,13808.0,11.92
1320, BMW  Series Ld Design Pure Excellence,2016-01-01,Comprehensive,Diesel,5,23435,First Owner,Automatic,2016-01-01,16.77,2993.0,21476.25,30.5625
1321, Skoda Kushaq . TSI Style BSVI,2021-01-01,Comprehensive,Petrol,5,20336,First Owner,Manual,2021-01-01,19.2,999.0,11398.0,12.81
1322, Maruti SX S Cross Alpha DDiS  SH,2018-01-01,Comprehensive,Diesel,5,68591,First Owner,Manual,2018-01-01,25.1,1248.0,885.0,6.75
1323, Maruti Swift VDI BSIV,2014-01-01,Comprehensive,Diesel,5,65341,First Owner,Manual,2014-01-01,25.2,1248.0,74.0,3.44
1324, Datsun RediGO . T Option,2017-01-01,Comprehensive,Petrol,5,23329,First Owner,Manual,2017-01-01,22.5,999.0,67.0,2.72
1325, Honda City i DTEC VX,2015-01-01,Comprehensive,Diesel,5,84000,First Owner,Manual,2015-01-01,25.1,1498.0,986.0,5.25
1326, Toyota Corolla Altis . DG,2018-01-01,Comprehensive,Diesel,5,19000,First Owner,Manual,2018-01-01,21.43,1364.0,8679.0,14.95
1327, Maruti Ritz LDi,2013-01-01,Comprehensive,Diesel,5,100500,Third Owner,Manual,2013-01-01,30.975,3182.0,190.0,2.45
1328, Ford Ecosport . Diesel Titanium BSIV,2019-01-01,Third Party insurance,Diesel,5,58500,First Owner,Manual,2019-01-01,23.0,1498.0,9896.0,6.65
1329, Volvo S Cross Country D AWD BSIV,2018-01-01,Comprehensive,Diesel,5,66455,First Owner,Automatic,2018-01-01,19.6,2400.0,190.0,19.35
1330, Maruti Celerio ZXI Plus,2023-01-01,Comprehensive,Petrol,5,1229,First Owner,Manual,2023-01-01,24.97,998.0,6571.0,5.9
1331, Audi Q Premium plus BSVI,2022-01-01,Third Party insurance,Petrol,5,12100,First Owner,Automatic,2022-01-01,30.975,370.0,19.0,30.5625
1332, Kia Sonet HTX Turbo DCT,2021-01-01,Comprehensive,Petrol,5,26597,First Owner,Automatic,2021-01-01,18.2,998.0,11835.0,9.25
1333, Maruti Swift VXI BSIV,2015-01-01,Comprehensive,Petrol,5,73616,First Owner,Manual,2015-01-01,22.0,1197.0,8180.0,3.75
1334, Hyundai i Magna,2012-01-01,Comprehensive,Petrol,5,53657,First Owner,Manual,2011-01-01,18.5,1197.0,21476.25,2.63
1335, Hyundai EON D Lite Plus,2014-01-01,Comprehensive,Petrol,5,37016,First Owner,Manual,2014-01-01,30.975,552.0,745.0,2.05
1336, Honda Jazz . SV i VTEC,2017-01-01,Comprehensive,Petrol,5,62466,First Owner,Manual,2017-01-01,18.7,1199.0,887.0,3.9
1337, Hyundai Grand i Nios Sportz,2021-01-01,Comprehensive,Petrol,5,20041,First Owner,Manual,2021-01-01,20.7,1197.0,8186.0,6.19
1338, Maruti Swift VXI,2017-01-01,Comprehensive,Petrol,5,49000,First Owner,Manual,2017-01-01,21.21,1197.0,8180.0,3.65
1339, Maruti Swift Dzire VXI,2014-01-01,Comprehensive,Petrol,5,44669,First Owner,Manual,2014-01-01,19.1,1197.0,858.0,3.79
1340, Hyundai Grand i Nios AMT Sportz,2019-01-01,Comprehensive,Petrol,5,28500,First Owner,Automatic,2019-01-01,20.7,1197.0,8186.0,5.45
1341, Maruti Wagon R VXi BSII,2014-01-01,Comprehensive,Petrol,5,19843,First Owner,Manual,2014-01-01,30.975,671.0,90.0,3.05
1342, Maruti Swift Dzire VXI,2014-01-01,Comprehensive,Petrol,5,44800,First Owner,Manual,2014-01-01,19.1,1197.0,858.0,3.81
1343, Maruti Swift VXI,2016-01-01,Comprehensive,Petrol,5,44275,First Owner,Manual,2016-01-01,21.21,1197.0,8180.0,3.75
1344, Maruti Swift VXI,2020-01-01,Comprehensive,Petrol,5,27012,First Owner,Manual,2020-01-01,21.21,1197.0,8180.0,5.45
1345, Maruti Wagon R VXI AMT .,2018-01-01,Comprehensive,Petrol,5,35629,First Owner,Automatic,2018-01-01,20.52,1197.0,8180.0,4.25
1346, Maruti Alto K VXI,2017-01-01,Comprehensive,Petrol,5,37009,First Owner,Manual,2017-01-01,23.95,998.0,6705.0,2.75
1347, Hyundai i Sportz AT,2011-01-01,Comprehensive,Petrol,5,28000,First Owner,Automatic,2011-01-01,16.95,1197.0,789.0,2.7
1348, Hyundai i Sportz .L,2014-01-01,Comprehensive,Petrol,5,46022,First Owner,Manual,2014-01-01,19.81,1086.0,6805.0,2.35
1349, Hyundai i Era .,2009-01-01,Third Party insurance,Petrol,5,100000,First Owner,Manual,2009-01-01,30.975,3182.0,9904.0,1.25
1350, Maruti Ertiga BSIV VXI,2018-01-01,Comprehensive,Petrol,7,22302,First Owner,Manual,2018-01-01,17.5,1373.0,911.0,6.9
1351, Audi Q  TFSI Quattro BSVI,2021-01-01,Third Party insurance,Petrol,5,17000,Second Owner,Automatic,2021-01-01,9.8,2995.0,340.0,30.5625
1352, Tata Harrier XZA Plus Red Dark Diesel AT BSVI,2023-01-01,Comprehensive,Diesel,5,7400,First Owner,Automatic,2023-01-01,14.6,1956.0,16767.0,20.25
1353, Datsun RediGO T Option,2018-01-01,Comprehensive,Petrol,5,17024,Second Owner,Manual,2018-01-01,22.7,799.0,5364.0,2.72
1354, Toyota Etios Liva VXD,2014-01-01,Comprehensive,Diesel,5,71649,First Owner,Manual,2014-01-01,23.59,1364.0,6704.0,3.32
1355, Maruti Wagon R LXI,2022-01-01,Comprehensive,Petrol,5,9016,First Owner,Manual,2022-01-01,30.975,3182.0,90.0,5.05
1356, Toyota Etios V,2015-01-01,Comprehensive,Petrol,5,44999,First Owner,Manual,2015-01-01,16.78,1496.0,8873.0,3.74
1357, Renault Duster PS Diesel RxS,2016-01-01,Comprehensive,Diesel,5,78106,First Owner,Manual,2016-01-01,19.87,1461.0,838.0,5.1
1358, Hyundai EON Era Plus,2015-01-01,Comprehensive,Petrol,5,34016,First Owner,Manual,2015-01-01,30.975,552.0,745.0,2.15
1359, Maruti Swift VDI BSIV,2014-01-01,Comprehensive,Diesel,5,85692,First Owner,Manual,2014-01-01,25.2,1248.0,74.0,3.47
1360, Tata Nexon XM BSVI,2021-01-01,Third Party insurance,Petrol,5,6500,First Owner,Manual,2021-01-01,17.33,1199.0,11835.0,7.98
1361, Hyundai Venue SX Turbo,2021-01-01,Comprehensive,Petrol,5,35080,First Owner,Manual,2021-01-01,18.27,998.0,11835.0,8.99
1362, Volkswagen Polo . MPI Comfortline,2016-01-01,Comprehensive,Petrol,5,77727,First Owner,Manual,2016-01-01,16.2,1199.0,74.0,3.77
1363, Hyundai i Sportz .,2014-01-01,Comprehensive,Petrol,5,43000,First Owner,Manual,2014-01-01,18.5,1197.0,8285.0,3.49
1364, Hyundai Grand i Sportz Petrol BSIV,2019-01-01,Comprehensive,Petrol,5,30000,First Owner,Manual,2019-01-01,18.9,1197.0,8186.0,4.25
1365, Mahindra NuvoSport N,2016-01-01,Comprehensive,Diesel,7,42364,First Owner,Manual,2016-01-01,17.45,1493.0,100.0,4.5
1366, Honda Brio VX AT,2015-01-01,Comprehensive,Petrol,5,7000,Second Owner,Automatic,2015-01-01,16.5,1198.0,868.0,4.95
1367, Honda Jazz . V i VTEC,2016-01-01,Comprehensive,Petrol,5,54000,First Owner,Manual,2016-01-01,18.7,1199.0,887.0,3.95
1368, Maruti Swift Dzire VXi,2009-01-01,Comprehensive,Petrol,5,45000,First Owner,Manual,2009-01-01,17.5,1298.0,858.0,2.25
1369, Maruti Swift Dzire VXI,2013-01-01,Comprehensive,Petrol,5,44018,First Owner,Manual,2013-01-01,19.1,1197.0,858.0,3.45
1370, Honda Civic VX,2020-01-01,Third Party insurance,Petrol,5,18500,First Owner,Automatic,2020-01-01,16.5,1799.0,13946.0,12.9
1371, Hyundai Santro Xing GLS,2011-01-01,Comprehensive,Petrol,5,43002,First Owner,Manual,2011-01-01,17.92,1086.0,621.0,1.75
1372, Mercedes-Benz GLC ,2020-01-01,Third Party insurance,Petrol,5,13200,First Owner,Automatic,2020-01-01,12.74,1991.0,197.0,30.5625
1373, Renault KWID . RXT Optional,2019-01-01,Comprehensive,Petrol,5,69381,First Owner,Manual,2019-01-01,23.01,999.0,67.0,3.27
1374, Hyundai Creta . CRDi SX Option,2015-01-01,Comprehensive,Diesel,5,64275,First Owner,Manual,2015-01-01,19.67,1582.0,1262.0,6.28
1375, Mahindra Thar LX -Str Convert Top AT BSVI,2021-01-01,Comprehensive,Petrol,4,7421,First Owner,Automatic,2021-01-01,15.2,1997.0,150.0,12.49
1376, Honda City ZX CVT,2021-01-01,Comprehensive,Petrol,5,5252,First Owner,Automatic,2021-01-01,18.3,1498.0,11935.0,12.07
1377, Toyota Etios V,2015-01-01,Comprehensive,Petrol,5,63663,First Owner,Manual,2014-01-01,16.78,1496.0,8873.0,3.41
1378, Honda City i VTEC VX,2015-01-01,Comprehensive,Petrol,5,60545,First Owner,Manual,2015-01-01,17.8,1497.0,1173.0,5.55
1379, Honda Amaze S i-VTEC,2016-01-01,Comprehensive,Petrol,5,85602,First Owner,Manual,2016-01-01,17.8,1198.0,867.0,3.33
1380, Toyota Fortuner . WD AT BSIV,2019-01-01,Comprehensive,Diesel,7,35902,First Owner,Automatic,2019-01-01,15.04,2755.0,1745.0,28.0
1381, Hyundai Creta . SX Option,2018-01-01,Comprehensive,Petrol,5,87172,First Owner,Manual,2018-01-01,15.8,1591.0,1213.0,7.88
1382, Volkswagen Polo Petrol Highline .L,2014-01-01,Comprehensive,Petrol,5,52950,Second Owner,Manual,2014-01-01,16.47,1198.0,739.0,3.72
1383, Hyundai Verna . VTVT S,2016-01-01,Comprehensive,Petrol,5,42005,First Owner,Manual,2016-01-01,17.01,1591.0,1213.0,4.71
1384, Hyundai Creta . SX Option,2018-01-01,Comprehensive,Petrol,5,64000,First Owner,Manual,2018-01-01,15.8,1591.0,1213.0,8.25
1385, Hyundai Verna VTVT . SX Option,2019-01-01,Comprehensive,Petrol,5,32000,First Owner,Manual,2019-01-01,17.0,1591.0,1213.0,8.25
1386, Hyundai Creta . SX Option,2018-01-01,Comprehensive,Petrol,5,65000,First Owner,Manual,2018-01-01,15.8,1591.0,1213.0,8.5
1387, Hyundai Elantra . SX,2018-01-01,Comprehensive,Petrol,5,21000,First Owner,Manual,2018-01-01,14.59,1999.0,14992.0,8.85
1388, Toyota Corolla Altis . G CVT,2016-01-01,Comprehensive,Petrol,5,39450,First Owner,Automatic,2016-01-01,14.28,1798.0,13803.0,8.15
1389, Hyundai Elantra . SX,2019-01-01,Comprehensive,Petrol,5,32000,First Owner,Manual,2017-01-01,14.59,1999.0,14992.0,8.85
1390, Honda WR-V i-VTEC VX,2018-01-01,Comprehensive,Petrol,5,60314,First Owner,Manual,2018-01-01,17.5,1199.0,887.0,5.75
1391, Hyundai Verna VTVT . EX,2018-01-01,Comprehensive,Petrol,5,4000,First Owner,Manual,2018-01-01,19.1,1368.0,986.0,7.49
1392, Maruti Ciaz Delta Diesel,2017-01-01,Comprehensive,Diesel,5,65000,First Owner,Automatic,2017-01-01,28.09,1248.0,8850.0,5.25
1393, Hyundai Creta . CRDi SX Option,2015-01-01,Comprehensive,Diesel,5,78019,First Owner,Manual,2015-01-01,19.67,1582.0,1262.0,6.39
1394, Renault Duster RXZ,2020-01-01,Comprehensive,Petrol,5,42970,First Owner,Manual,2020-01-01,16.42,1498.0,10455.0,7.64
1395, Toyota Innova . GX  STR BSIV,2010-01-01,Comprehensive,Diesel,7,130000,First Owner,Manual,2010-01-01,12.8,2494.0,102.0,4.4
1396, Maruti Wagon R VXI .,2019-01-01,Comprehensive,Petrol,5,24100,First Owner,Manual,2019-01-01,20.52,1197.0,8180.0,4.74
1397, Maruti Baleno . Alpha,2015-01-01,Comprehensive,Petrol,5,51123,First Owner,Manual,2015-01-01,21.4,1197.0,831.0,4.71
1398, Skoda Octavia Ambition . TSI MT,2016-01-01,Comprehensive,Petrol,5,66000,First Owner,Manual,2016-01-01,16.8,1395.0,13802.0,5.95
1399, Maruti Baleno . Zeta,2016-01-01,Comprehensive,Diesel,5,48405,First Owner,Manual,2015-01-01,27.39,1248.0,74.0,4.98
1400, Audi A . TDI Premium Plus,2013-01-01,Comprehensive,Diesel,5,52305,First Owner,Automatic,2013-01-01,17.68,1968.0,17433.0,10.75
1401, Hyundai Grand i CRDi Asta,2015-01-01,Comprehensive,Diesel,5,46488,Second Owner,Manual,2015-01-01,24.0,1120.0,70.0,3.71
1402, Hyundai i Diesel Sportz,2019-01-01,Comprehensive,Diesel,5,71842,First Owner,Manual,2018-01-01,22.54,1396.0,8876.0,5.29
1403, Honda City i DTEC SV,2014-01-01,Comprehensive,Diesel,5,91000,Third Owner,Manual,2014-01-01,26.0,1498.0,986.0,3.95
1404, Hyundai i Magna . CRDi (Diesel),2013-01-01,Comprehensive,Diesel,5,51334,First Owner,Manual,2013-01-01,21.9,1396.0,8876.0,2.8
1405, Toyota Fortuner . WD AT BSIV,2016-01-01,Comprehensive,Diesel,7,72560,First Owner,Automatic,2016-01-01,12.9,2755.0,1745.0,16.7
1406, Hyundai Santro Sportz BSIV,2018-01-01,Comprehensive,Petrol,5,68000,First Owner,Manual,2018-01-01,20.3,1086.0,68.0,3.85
1407, Maruti Swift Dzire VXI,2014-01-01,Comprehensive,Petrol,5,45000,First Owner,Manual,2014-01-01,22.41,1197.0,8850.0,3.6
1408, Mitsubishi Cedia Sports,2013-01-01,Comprehensive,Petrol,5,44000,First Owner,Manual,2013-01-01,13.17,1999.0,114.0,3.95
1409, Skoda Superb LK . TSI AT,2016-01-01,Comprehensive,Petrol,5,47000,First Owner,Automatic,2016-01-01,14.67,1798.0,17746.0,10.95
1410, Toyota Fortuner x AT,2016-01-01,Comprehensive,Diesel,7,92044,First Owner,Automatic,2016-01-01,12.55,2982.0,1685.0,16.5
1411, Audi Q  TDI Quattro Technology,2018-01-01,Third Party insurance,Diesel,7,40000,First Owner,Automatic,2018-01-01,14.75,2967.0,245.0,30.5625
1412, Honda City i VTEC VX,2015-01-01,Comprehensive,Petrol,5,60545,First Owner,Manual,2015-01-01,17.4,1497.0,1173.0,5.5
1413, Maruti Ritz VDi,2014-01-01,Comprehensive,Diesel,5,79097,First Owner,Manual,2014-01-01,30.975,3182.0,190.0,3.29
1414, Maruti Swift Dzire VXI,2014-01-01,Comprehensive,Petrol,5,68619,Second Owner,Manual,2013-01-01,19.1,1197.0,858.0,3.44
1415, Audi Q  TDI quattro Premium,2014-01-01,Comprehensive,Diesel,5,34452,First Owner,Automatic,2014-01-01,14.16,1968.0,1743.0,16.75
1416, Hyundai Grand i . CRDi Sportz,2017-01-01,Comprehensive,Diesel,5,40326,First Owner,Manual,2017-01-01,24.0,1186.0,7397.0,5.22
1417, Datsun GO T Option,2019-01-01,Comprehensive,Petrol,5,40021,First Owner,Manual,2019-01-01,19.02,1198.0,6705.0,3.92
1418, Maruti Wagon R LXI,2019-01-01,Comprehensive,Petrol,5,44000,First Owner,Manual,2019-01-01,30.975,3182.0,90.0,3.99
1419, Maruti Wagon R VXI .,2020-01-01,Third Party insurance,Petrol,5,7962,First Owner,Manual,2019-01-01,20.52,1197.0,8180.0,4.89
1420, Toyota Innova . VX  STR BSIV,2012-01-01,Comprehensive,Diesel,7,130000,First Owner,Manual,2012-01-01,12.8,2494.0,102.0,6.25
1421, Nissan Micra Active XV,2018-01-01,Comprehensive,Petrol,5,44508,First Owner,Manual,2018-01-01,19.69,1198.0,6704.0,3.38
1422, Hyundai Elantra SX AT,2014-01-01,Comprehensive,Petrol,5,58958,First Owner,Automatic,2014-01-01,14.5,1797.0,1475.0,5.25
1423, Maruti Ignis . Zeta BSIV,2018-01-01,Third Party insurance,Petrol,5,44000,Second Owner,Manual,2018-01-01,20.89,1197.0,8180.0,4.65
1424, Toyota Urban cruiser Premium,2022-01-01,Comprehensive,Petrol,5,48188,First Owner,Manual,2022-01-01,17.03,1462.0,10326.0,8.25
1425, Hyundai i Sportz,2009-01-01,Comprehensive,Petrol,5,55000,First Owner,Manual,2009-01-01,20.36,1197.0,789.0,1.51
1426, Hyundai Grand i Magna,2013-01-01,Comprehensive,Petrol,5,24268,First Owner,Manual,2013-01-01,30.975,82.0,114.0,2.85
1427, Hyundai Creta . CRDi AT SX Plus,2019-01-01,Comprehensive,Diesel,5,23000,First Owner,Automatic,2019-01-01,17.01,1582.0,1262.0,10.5
1428, MG Hector Sharp AT BSIV,2020-01-01,Comprehensive,Petrol,5,38502,First Owner,Automatic,2020-01-01,13.96,1451.0,141.0,13.75
1429, Hyundai Creta . CRDi SX Plus,2017-01-01,Comprehensive,Diesel,5,35000,First Owner,Manual,2017-01-01,19.67,1582.0,1262.0,7.5
1430, Kia Seltos GTX Plus,2020-01-01,Comprehensive,Petrol,5,43487,First Owner,Manual,2020-01-01,16.5,1353.0,13808.0,13.5
1431, Maruti Vitara Brezza ZDi Plus AMT Dual Tone,2018-01-01,Comprehensive,Diesel,5,32000,First Owner,Automatic,2018-01-01,24.3,1248.0,885.0,7.5
1432, Mercedes-Benz GLA Class  d Sport,2019-01-01,Third Party insurance,Diesel,5,14400,First Owner,Automatic,2019-01-01,17.9,2143.0,136.0,24.0
1433, Volkswagen Polo . MPI Trendline,2017-01-01,Comprehensive,Petrol,5,62920,First Owner,Manual,2017-01-01,30.975,74.0,110.0,5.27
1434, Maruti A-Star Vxi,2012-01-01,Comprehensive,Petrol,5,60467,First Owner,Manual,2012-01-01,19.0,998.0,661.0,2.8
1435, Hyundai i Sportz .L,2014-01-01,Comprehensive,Petrol,5,65017,Second Owner,Manual,2014-01-01,19.81,1086.0,6805.0,2.25
1436, Maruti Swift Dzire ZXI .,2017-01-01,Comprehensive,Petrol,5,38015,First Owner,Manual,2017-01-01,21.21,1197.0,8180.0,5.47
1437, Toyota Etios Liva . V,2017-01-01,Comprehensive,Petrol,5,49134,First Owner,Manual,2017-01-01,17.71,1197.0,789.0,4.42
1438, Maruti Wagon R VXI AMT,2016-01-01,Comprehensive,Petrol,5,37100,Second Owner,Automatic,2016-01-01,21.79,998.0,6705.0,3.1
1439, Hyundai i Asta Opt Turbo DCT BSVI,2021-01-01,Comprehensive,Petrol,5,69977,First Owner,Automatic,2021-01-01,20.28,998.0,11841.0,8.69
1440, Nissan Micra CVT XV,2017-01-01,Comprehensive,Petrol,5,16937,First Owner,Automatic,2017-01-01,19.34,1198.0,7594.0,3.25
1441, Mahindra XUV W BSIV,2018-01-01,Comprehensive,Diesel,7,51441,First Owner,Manual,2018-01-01,15.1,2179.0,15287.0,10.71
1442, Maruti Swift Dzire AMT ZXI,2017-01-01,Comprehensive,Petrol,5,53947,First Owner,Automatic,2017-01-01,21.21,1197.0,8180.0,5.62
1443, Kia Seltos GTX Option,2020-01-01,Comprehensive,Petrol,5,30000,First Owner,Manual,2020-01-01,16.5,1353.0,13808.0,13.2
1444, Hyundai i Asta .,2015-01-01,Third Party insurance,Petrol,5,40909,First Owner,Manual,2015-01-01,18.6,1197.0,8183.0,4.35
1445, Mahindra TUV  T Plus,2019-01-01,Comprehensive,Diesel,7,70000,First Owner,Manual,2019-01-01,18.49,1493.0,100.0,5.75
1446, Maruti Swift Dzire . Vxi BSIV,2011-01-01,Comprehensive,Petrol,5,69000,Second Owner,Manual,2011-01-01,17.5,1197.0,858.0,2.25
1447, Honda Jazz . SV i VTEC,2017-01-01,Comprehensive,Petrol,5,28662,First Owner,Manual,2017-01-01,18.7,1199.0,887.0,3.85
1448, Tata Harrier XTA Plus AT BSVI,2021-01-01,Comprehensive,Diesel,5,46912,First Owner,Automatic,2021-01-01,14.6,1956.0,16767.0,16.25
1449, Audi Q . TFSI Quattro Premium Plus,2014-01-01,Third Party insurance,Petrol,5,90000,First Owner,Power Steering,2014-01-01,30.975,207.0,300.0,8.0
1450, Volkswagen Vento Petrol Comfortline,2013-01-01,Comprehensive,Petrol,5,65000,First Owner,Manual,2013-01-01,15.04,1598.0,1036.0,2.5
1451, Mercedes-Benz C-Class C  CDI Avantgarde,2013-01-01,Comprehensive,Diesel,5,40238,First Owner,Automatic,2013-01-01,19.27,2143.0,170.0,12.5
1452, Volkswagen Ameo . TDI Comfortline,2020-01-01,Comprehensive,Diesel,5,52000,First Owner,Manual,2020-01-01,21.66,1498.0,10862.0,4.45
1453, Hyundai Santro Asta,2021-01-01,Comprehensive,Petrol,5,22873,First Owner,Manual,2021-01-01,20.3,1086.0,6805.0,4.73
1454, Maruti A-Star Zxi,2012-01-01,Comprehensive,Petrol,5,77389,First Owner,Manual,2012-01-01,19.0,998.0,661.0,2.27
1455, Maruti Swift VVT VXI,2018-01-01,Comprehensive,Petrol,5,32000,First Owner,Manual,2018-01-01,22.0,1197.0,8180.0,5.3
1456, Skoda Rapid . TDI AT Style Plus,2016-01-01,Comprehensive,Diesel,5,88935,First Owner,Automatic,2016-01-01,21.66,1498.0,10352.0,4.85
1457, Nissan Micra Active XV,2018-01-01,Comprehensive,Petrol,5,53681,Second Owner,Manual,2018-01-01,19.69,1198.0,6704.0,3.04
1458, Mahindra Bolero ZLX,2018-01-01,Third Party insurance,Diesel,7,60000,First Owner,Manual,2018-01-01,15.96,2523.0,621.0,5.65
1459, Hyundai i Active . SX,2015-01-01,Comprehensive,Diesel,5,49441,First Owner,Manual,2015-01-01,21.19,1396.0,8873.0,4.89
1460, Toyota Innova Crysta . VX MT BSIV,2019-01-01,Comprehensive,Diesel,7,41000,First Owner,Manual,2019-01-01,13.68,2393.0,1478.0,16.95
1461, Maruti Ciaz S,2021-01-01,Comprehensive,Petrol,5,23838,First Owner,Manual,2021-01-01,20.65,1462.0,10325.0,8.85
1462, Skoda Octavia L and K . TDI MT,2021-01-01,Comprehensive,Diesel,5,26719,First Owner,Manual,2021-01-01,16.4,1896.0,90.0,7.89
1463, Mercedes-Benz GLS d MATIC BSVI,2020-01-01,Comprehensive,Diesel,7,34987,First Owner,Automatic,2020-01-01,30.975,3182.0,700.0,1.1
1464, Mahindra TUV  mHAWK T,2017-01-01,Comprehensive,Diesel,7,27236,Second Owner,Manual,2017-01-01,18.49,1493.0,100.0,6.5
1465, Honda City i DTEC VX,2015-01-01,Comprehensive,Diesel,5,41080,First Owner,Manual,2015-01-01,25.1,1498.0,986.0,5.9
1466, Toyota Etios . VXD,2016-01-01,Comprehensive,Diesel,5,72793,First Owner,Manual,2016-01-01,23.59,1364.0,6704.0,4.55
1467, Hyundai i Sportz,2014-01-01,Comprehensive,Petrol,5,64000,Third Owner,Manual,2014-01-01,20.36,1197.0,789.0,2.35
1468, Jaguar F-Pace Prestige . AWD,2020-01-01,Third Party insurance,Diesel,5,30000,First Owner,Automatic,2020-01-01,16.38,1999.0,177.0,30.5625
1469, Maruti Ignis Zeta,2017-01-01,Comprehensive,Petrol,5,32002,First Owner,Manual,2017-01-01,20.89,1197.0,8180.0,4.41
1470, Renault Duster PS Diesel RxS,2018-01-01,Comprehensive,Diesel,5,105000,First Owner,Manual,2018-01-01,19.87,1461.0,838.0,5.25
1471, BMW  Series d,2017-01-01,Third Party insurance,Diesel,5,30000,First Owner,Automatic,2017-01-01,22.69,1995.0,190.0,16.0
1472, Maruti Wagon R VXI .,2020-01-01,Comprehensive,Petrol,5,20827,First Owner,Manual,2020-01-01,20.52,1197.0,8180.0,4.6
1473, Mahindra Bolero mHAWK D ZLX,2017-01-01,Third Party insurance,Diesel,7,37852,Second Owner,Manual,2017-01-01,16.5,1493.0,70.0,6.75
1474, Tata Harrier XZA AT BSVI,2022-01-01,Comprehensive,Diesel,5,16683,First Owner,Automatic,2022-01-01,14.6,1956.0,16767.0,19.24
1475, Hyundai i Magna .,2011-01-01,Comprehensive,Petrol,5,53135,First Owner,Manual,2011-01-01,30.975,789.0,1117.0,1.8
1476, Hyundai Grand i . Kappa Sportz BSIV,2017-01-01,Comprehensive,Petrol,5,32230,First Owner,Manual,2017-01-01,18.9,1197.0,8186.0,5.13
1477, BMW  Series d Luxury Line,2022-01-01,Comprehensive,Diesel,5,11000,First Owner,Automatic,2022-01-01,20.37,1995.0,18774.0,30.5625
1478, Volkswagen Taigun . TSI Topline AT BSVI,2022-01-01,Comprehensive,Petrol,5,10400,First Owner,Automatic,2022-01-01,18.41,999.0,11398.0,16.35
1479, Hyundai Grand i Nios Asta,2022-01-01,Comprehensive,Petrol,5,23748,First Owner,Manual,2022-01-01,20.7,1197.0,8186.0,6.55
1480, Honda Amaze V CVT Petrol,2018-01-01,Comprehensive,Petrol,5,13513,First Owner,Automatic,2018-01-01,18.3,1199.0,8876.0,7.65
1481, Tata Nexon XZA Plus AMT BSVI,2022-01-01,Third Party insurance,Petrol,5,12952,First Owner,Automatic,2022-01-01,17.05,1199.0,11835.0,10.99
1482, Hyundai Grand i Sportz,2014-01-01,Comprehensive,Petrol,5,22672,First Owner,Manual,2014-01-01,18.9,1197.0,82.0,3.84
1483, Maruti Wagon R VXI BS IV,2012-01-01,Comprehensive,Petrol,5,23000,First Owner,Manual,2012-01-01,18.9,998.0,671.0,2.9
1484, Hyundai i Sportz .,2017-01-01,Comprehensive,Petrol,5,41048,First Owner,Manual,2017-01-01,18.6,1197.0,8183.0,5.48
1485, Isuzu MU-X WD,2018-01-01,Third Party insurance,Diesel,7,40000,First Owner,Power Steering,2018-01-01,30.975,3182.0,380.0,21.0
1486, BMW  Series d Luxury Line,2021-01-01,Comprehensive,Diesel,5,10000,First Owner,Automatic,2021-01-01,20.37,1995.0,18774.0,30.5625
1487, Hyundai i Sportz,2013-01-01,Comprehensive,Petrol,5,1800,First Owner,Manual,2013-01-01,20.36,1197.0,789.0,3.15
1488, Jeep Compass . Limited Plus BSIV,2019-01-01,Comprehensive,Petrol,5,34000,First Owner,Automatic,2019-01-01,16.0,1368.0,16077.0,17.5
1489, Maruti Baleno . Zeta,2016-01-01,Third Party insurance,Petrol,5,40000,First Owner,Manual,2016-01-01,21.4,1197.0,831.0,4.7
1490, Toyota Urban cruiser Premium AT,2021-01-01,Zero Dep,Petrol,5,30000,First Owner,Automatic,2021-01-01,18.76,1462.0,10326.0,11.4
1491, Hyundai Grand i Sportz,2018-01-01,Comprehensive,Petrol,5,22700,First Owner,Manual,2018-01-01,18.9,1197.0,8186.0,5.45
1492, BMW X xDrive i M Sport,2019-01-01,Comprehensive,Petrol,7,28000,First Owner,Automatic,2019-01-01,10.54,2998.0,21476.25,30.5625
1493, Maruti Wagon R LXI Minor,2010-01-01,Third Party insurance,Petrol,5,79862,First Owner,Manual,2010-01-01,30.975,67.0,84.0,1.69
1494, Hyundai Creta . VTVT AT SX Plus,2018-01-01,Comprehensive,Petrol,5,29146,First Owner,Automatic,2018-01-01,13.0,1591.0,1213.0,11.35
1495, Maruti Baleno Alpha AMT BSVI,2022-01-01,Comprehensive,Petrol,5,5500,First Owner,Automatic,2022-01-01,22.94,1197.0,8850.0,9.35
1496, Hyundai i Sportz,2014-01-01,Comprehensive,Petrol,5,35925,Second Owner,Manual,2014-01-01,20.36,1197.0,789.0,3.14
1497, Maruti Wagon R VXI AMT,2018-01-01,Comprehensive,Petrol,5,57999,First Owner,Automatic,2018-01-01,21.79,998.0,6705.0,4.59
1499, Maruti Baleno . Alpha,2017-01-01,Comprehensive,Petrol,5,14352,Second Owner,Manual,2017-01-01,21.4,1197.0,831.0,5.87
1501, Maruti Ertiga VXI CNG,2014-01-01,Comprehensive,CNG,7,49999,First Owner,Manual,2014-01-01,22.8,1373.0,809.0,6.34
1502, Maruti Baleno . Zeta,2018-01-01,Comprehensive,Petrol,5,21194,First Owner,Manual,2018-01-01,21.4,1197.0,831.0,6.37
1504, Hyundai Grand i Nios Sportz CNG,2020-01-01,Comprehensive,CNG,5,27019,First Owner,Manual,2020-01-01,30.975,3182.0,952.0,6.7
1505, Audi A  TDI Premium Plus,2016-01-01,Third Party insurance,Diesel,5,80000,First Owner,Power Steering,2016-01-01,30.975,143.0,320.0,15.3
1506, Maruti Vitara Brezza ZDi AMT,2020-01-01,Comprehensive,Diesel,5,24000,First Owner,Automatic,2020-01-01,24.3,1248.0,885.0,9.95
1507, Honda City . V MT,2010-01-01,Comprehensive,Petrol,5,32000,First Owner,Manual,2010-01-01,17.0,1497.0,21476.25,2.4
1508, Volvo XC T R-Design BSIV,2020-01-01,Third Party insurance,Petrol,5,22600,First Owner,Automatic,2020-01-01,30.975,190.0,300.0,30.5625
1509, Volvo XC  B Inscription STR,2022-01-01,Third Party insurance,Petrol,7,10000,First Owner,Automatic,2022-01-01,17.2,1969.0,21476.25,30.5625
1513, Audi Q Premium,2021-01-01,Comprehensive,Petrol,5,9700,First Owner,Automatic,2021-01-01,30.975,3182.0,320.0,30.5625
1514, Maruti Baleno Zeta,2020-01-01,Comprehensive,Petrol,5,13519,First Owner,Manual,2020-01-01,21.01,1197.0,8180.0,6.94
1515, Hyundai Creta . VTVT AT SX Plus,2017-01-01,Comprehensive,Petrol,5,45017,First Owner,Automatic,2017-01-01,13.0,1591.0,1213.0,8.75
1516, Maruti Swift VXI BSIV,2013-01-01,Comprehensive,Petrol,5,78308,First Owner,Manual,2013-01-01,22.0,1197.0,8180.0,3.57
1517, Honda Jazz V CVT,2017-01-01,Third Party insurance,Petrol,5,79852,First Owner,Automatic,2017-01-01,18.2,1199.0,887.0,5.69
1519, Hyundai EON Magna Plus,2016-01-01,Zero Dep,Petrol,5,18049,First Owner,Manual,2016-01-01,21.1,814.0,552.0,3.15
1520, Volkswagen Taigun . TSI Topline ES,2022-01-01,Comprehensive,Petrol,5,19500,First Owner,Manual,2022-01-01,19.87,999.0,11398.0,16.21
1521, Audi Q TDI,2018-01-01,Comprehensive,Diesel,5,35000,First Owner,Automatic,2018-01-01,17.01,1968.0,188.0,30.5625
1522, Maruti Ignis Zeta BSVI,2021-01-01,Comprehensive,Petrol,5,7643,First Owner,Manual,2021-01-01,20.89,1197.0,8180.0,6.19
1523, Hyundai i Magna .,2015-01-01,Third Party insurance,Petrol,5,12000,First Owner,Manual,2015-01-01,18.6,1197.0,8183.0,5.31
1524, Hyundai Grand i AT Asta,2015-01-01,Comprehensive,Petrol,5,22316,First Owner,Automatic,2014-01-01,18.9,1197.0,82.0,4.54
1525, MG Hector Sharp CVT,2021-01-01,Third Party insurance,Petrol,5,40000,Second Owner,Automatic,2021-01-01,30.975,141.0,250.0,16.0
1526, Hyundai i Magna .,2010-01-01,Third Party insurance,Petrol,5,45221,First Owner,Manual,2010-01-01,30.975,789.0,1117.0,2.35
1527, Maruti Baleno Zeta CVT,2021-01-01,Comprehensive,Petrol,5,35000,First Owner,Automatic,2021-01-01,19.56,1197.0,8180.0,8.45
1528, BMW X xDrive i M Sport,2021-01-01,Zero Dep,Petrol,7,7000,First Owner,Automatic,2021-01-01,10.54,2998.0,21476.25,1.15
1529, MG Hector Sharp Diesel MT,2020-01-01,Third Party insurance,Diesel,5,40000,First Owner,Manual,2020-01-01,17.41,1956.0,16768.0,17.0
1530, Honda City i VTEC SV,2016-01-01,Comprehensive,Petrol,5,38671,Second Owner,Manual,2016-01-01,17.8,1497.0,1173.0,6.25
1531, Hyundai i . Sportz Option,2012-01-01,Third Party insurance,Petrol,5,49303,Second Owner,Manual,2012-01-01,17.0,1197.0,21476.25,2.8
1532, Nissan Sunny XL CVT,2014-01-01,Comprehensive,Petrol,5,65000,First Owner,Automatic,2014-01-01,17.97,1498.0,9961.0,2.95
1533, Audi Q  TFSI Premium FWD,2018-01-01,Comprehensive,Petrol,5,68000,First Owner,Automatic,2018-01-01,16.9,1395.0,14751.0,24.99
1534, Hyundai Venue SX Turbo,2019-01-01,Comprehensive,Petrol,5,17536,First Owner,Manual,2019-01-01,18.27,998.0,11835.0,9.7
1535, Honda Jazz . V i VTEC,2017-01-01,Third Party insurance,Petrol,5,30400,First Owner,Manual,2017-01-01,18.7,1199.0,887.0,5.35
1536, MG Hector Hybrid Sharp MT,2020-01-01,Comprehensive,Petrol,5,15071,First Owner,Manual,2020-01-01,30.975,141.0,250.0,14.28
1537, Maruti SX S Cross DDiS  Zeta,2015-01-01,Comprehensive,Diesel,5,80100,First Owner,Manual,2015-01-01,23.65,1248.0,885.0,6.25
1538, Hyundai Verna SX IVT,2021-01-01,Comprehensive,Petrol,5,10773,First Owner,Automatic,2021-01-01,18.45,1497.0,11318.0,11.85
1539, Tata Tigor XZA Plus,2020-01-01,Zero Dep,Petrol,5,10957,First Owner,Automatic,2020-01-01,20.3,1199.0,8381.0,7.53
1540, Tata Tiago XZ,2022-01-01,Comprehensive,Petrol,5,19000,First Owner,Manual,2022-01-01,20.09,1199.0,8482.0,7.45
1541, Hyundai Verna . SX CRDI (O) AT,2015-01-01,Third Party insurance,Diesel,5,87900,Second Owner,Automatic,2015-01-01,22.32,1582.0,12632.0,6.5
1542, Maruti Ignis Zeta AMT BSVI,2022-01-01,Comprehensive,Petrol,5,16100,First Owner,Automatic,2021-01-01,20.89,1197.0,8180.0,6.44
1543, Toyota Etios Cross .L VD,2016-01-01,Comprehensive,Diesel,5,48650,First Owner,Manual,2016-01-01,23.59,1364.0,6706.0,5.25
1544, Hyundai Creta . SX Automatic,2018-01-01,Comprehensive,Petrol,5,29252,First Owner,Automatic,2018-01-01,14.8,1591.0,1213.0,11.05
1545, Maruti Ignis Sigma BSVI,2022-01-01,Third Party insurance,Petrol,5,2300,First Owner,Manual,2022-01-01,30.975,3182.0,113.0,5.9
1546, Honda Jazz V CVT,2018-01-01,Comprehensive,Petrol,5,19446,First Owner,Automatic,2018-01-01,18.2,1199.0,887.0,6.5
1547, Maruti Ertiga VXI CNG,2022-01-01,Third Party insurance,CNG,7,26500,First Owner,Manual,2022-01-01,26.11,1462.0,8663.0,11.5
1548, Hyundai Creta SX Opt Diesel AT BSVI,2020-01-01,Comprehensive,Diesel,5,35000,First Owner,Automatic,2020-01-01,30.975,3182.0,250.0,17.41
1549, Renault KWID . RXL Opt BSVI,2022-01-01,Third Party insurance,Petrol,5,10000,First Owner,Power Steering,2022-01-01,30.975,3182.0,91.0,3.98
1550, Honda WR-V i-VTEC S,2017-01-01,Comprehensive,Petrol,5,49000,First Owner,Manual,2017-01-01,17.5,1199.0,887.0,5.85
1551, Volkswagen Polo . MPI Comfortline,2018-01-01,Comprehensive,Petrol,5,40000,Second Owner,Manual,2018-01-01,18.78,999.0,75.0,4.75
1552, Maruti Swift Dzire VXI,2018-01-01,Comprehensive,Petrol,5,34756,First Owner,Manual,2018-01-01,20.85,1197.0,8314.0,6.1
